Optimizer,objfname,ExecutionTime,Individual,Shift,Iter1,Iter2,Iter3,Iter4,Iter5,Iter6,Iter7,Iter8,Iter9,Iter10,Iter11,Iter12,Iter13,Iter14,Iter15,Iter16,Iter17,Iter18,Iter19,Iter20,Iter21,Iter22,Iter23,Iter24,Iter25,Iter26,Iter27,Iter28,Iter29,Iter30,Iter31,Iter32,Iter33,Iter34,Iter35,Iter36,Iter37,Iter38,Iter39,Iter40,Iter41,Iter42,Iter43,Iter44,Iter45,Iter46,Iter47,Iter48,Iter49,Iter50,Iter51,Iter52,Iter53,Iter54,Iter55,Iter56,Iter57,Iter58,Iter59,Iter60,Iter61,Iter62,Iter63,Iter64,Iter65,Iter66,Iter67,Iter68,Iter69,Iter70,Iter71,Iter72,Iter73,Iter74,Iter75,Iter76,Iter77,Iter78,Iter79,Iter80,Iter81,Iter82,Iter83,Iter84,Iter85,Iter86,Iter87,Iter88,Iter89,Iter90,Iter91,Iter92,Iter93,Iter94,Iter95,Iter96,Iter97,Iter98,Iter99,Iter100,Iter101,Iter102,Iter103,Iter104,Iter105,Iter106,Iter107,Iter108,Iter109,Iter110,Iter111,Iter112,Iter113,Iter114,Iter115,Iter116,Iter117,Iter118,Iter119,Iter120,Iter121,Iter122,Iter123,Iter124,Iter125,Iter126,Iter127,Iter128,Iter129,Iter130,Iter131,Iter132,Iter133,Iter134,Iter135,Iter136,Iter137,Iter138,Iter139,Iter140,Iter141,Iter142,Iter143,Iter144,Iter145,Iter146,Iter147,Iter148,Iter149,Iter150,Iter151,Iter152,Iter153,Iter154,Iter155,Iter156,Iter157,Iter158,Iter159,Iter160,Iter161,Iter162,Iter163,Iter164,Iter165,Iter166,Iter167,Iter168,Iter169,Iter170,Iter171,Iter172,Iter173,Iter174,Iter175,Iter176,Iter177,Iter178,Iter179,Iter180,Iter181,Iter182,Iter183,Iter184,Iter185,Iter186,Iter187,Iter188,Iter189,Iter190,Iter191,Iter192,Iter193,Iter194,Iter195,Iter196,Iter197,Iter198,Iter199,Iter200
GWO_modified,rastrigin,1.5787663459777832,"[4.03975265 4.98566744 7.98253196 7.98458708 4.0045353  4.99978892
 7.03077483 4.08873273 3.9596524  2.01586798 6.99057252 6.00121979
 4.021769   2.00197108 3.01044982 4.00407788 7.9423041  5.99514071
 4.99926945 6.98716447 4.07173228 3.0133289  6.98948469 2.93886725
 4.99940417 5.00069464 7.0010962  6.99047851 4.00505147 5.99525497]","[4.03420947 4.99197062 7.86740033 8.07586602 3.68042842 5.08730878
 7.03129348 4.08736711 3.95639642 2.1417497  6.92413909 5.9875036
 4.02503614 1.98290929 2.9624678  3.29587877 7.93575216 6.09880067
 5.09813056 6.93088354 4.07037218 3.14359125 6.87578025 2.94238479
 4.88314659 4.79440778 7.04628935 6.9229602  3.8729337  6.13529956]",424.0965622837134,389.16855357143993,389.16855357143993,329.6474966711136,300.5483532696108,300.5483532696108,300.5483532696108,300.5483532696108,300.5483532696108,296.43995199875985,296.43995199875985,296.43995199875985,296.43995199875985,296.43995199875985,296.43995199875985,296.43995199875985,296.43995199875985,289.3361929530073,289.3361929530073,289.3361929530073,243.66557696770147,243.66557696770147,243.66557696770147,238.76804357330724,238.76804357330724,238.76804357330724,234.81212408295187,197.58353745734354,187.5566136858586,182.76567286541285,182.76567286541285,181.74917663117168,164.5784786977182,164.5784786977182,164.5784786977182,164.5784786977182,164.5784786977182,164.5784786977182,153.85389084584187,135.50188503207653,124.73921430437278,124.73921430437278,121.99276491656383,121.0880091249241,116.82841647331054,116.06971207814104,114.02729386508585,111.02475790214359,106.57506591256049,105.72216861299816,103.09854337454954,103.09854337454954,102.8055253516153,102.1940993336132,102.1940993336132,102.1940993336132,102.1940993336132,102.1940993336132,102.1940993336132,102.1940993336132,102.1940993336132,102.1940993336132,102.1940993336132,102.1940993336132,102.1940993336132,102.1940993336132,101.98131913286215,101.98131913286215,101.98131913286215,100.48330492546688,100.48330492546688,100.48330492546688,100.48330492546688,100.48330492546688,100.48330492546688,100.48330492546688,100.48330492546688,100.48330492546688,100.48330492546688,99.94053721962212,99.64111685930553,99.305804912291,99.305804912291,99.305804912291,99.305804912291,99.305804912291,99.305804912291,99.305804912291,99.305804912291,99.305804912291,99.305804912291,98.83656733298244,98.83656733298244,98.83656733298244,98.83656733298244,98.83656733298244,98.83656733298244,98.83656733298244,98.83656733298244,98.83656733298244,98.7534110530539,98.7534110530539,98.47637739549995,98.47637739549995,98.47637739549995,98.47637739549995,98.24277929203006,98.24277929203006,98.24277929203006,98.24277929203006,98.24277929203006,98.24277929203006,98.24277929203006,97.62112538837559,97.62112538837559,97.62112538837559,97.40707025855593,97.40707025855593,97.39620469876857,97.39620469876857,97.359652753306,97.3294953739703,97.3294953739703,97.3294953739703,97.3294953739703,97.3294953739703,97.3294953739703,97.3294953739703,97.3294953739703,97.3294953739703,97.3294953739703,97.17931590619784,97.17931590619784,97.05360063908304,97.01996576016336,96.9849024050234,96.9849024050234,96.9849024050234,96.9849024050234,96.97798169818503,96.96664048467804,96.96664048467804,96.96664048467804,96.65496189197418,96.65496189197418,96.65496189197418,96.65496189197418,96.62885530501887,96.62885530501887,96.62885530501887,96.62885530501887,96.62885530501887,96.62885530501887,96.62885530501887,96.62885530501887,96.62885530501887,96.62885530501887,96.62885530501887,96.62885530501887,96.62885530501887,96.53363460342715,96.53363460342715,96.53363460342715,96.53363460342715,96.53363460342715,96.53363460342715,96.53363460342715,96.4916675851943,96.45280582061534,96.43309797948223,96.40287420833542,96.40287420833542,96.40287420833542,96.3896542078993,96.3896542078993,96.38699103349458,96.36728809071158,96.36336339817726,96.36336339817726,96.36126963837566,96.36126963837566,96.36126963837566,96.33553480424149,96.33553480424149,96.32806774142668,96.32806774142668,96.32806774142668,96.32806774142668,96.3188967784686,96.30960372591781,96.30868584167413,96.29919092705381,96.28205057589966,96.27661420150747,96.2709776382103,96.26501575246886,96.25771861498993,96.25126688533075,96.24672469203466,96.24423487299345
GWO_modified,rastrigin,1.591015100479126,"[5.99471952 1.05154947 8.06340979 6.99065043 6.96731084 5.99216111
 6.98981336 5.00248294 4.00336717 5.99682414 5.02407692 1.01897201
 7.98738477 3.04515386 5.0053271  0.88924355 5.04961063 6.99207203
 4.99861315 4.99775732 4.99855679 3.01159357 6.98973198 4.00544706
 5.08613285 6.98986501 4.00377151 6.98906367 5.99289431 4.00583087]","[5.84706187 1.04282824 8.06135505 7.10788947 6.96142303 5.97125686
 7.21321259 5.17642806 4.15462844 5.70157834 5.01760997 1.16990484
 8.16653672 3.05494392 5.03606623 0.88958608 5.05569589 6.87982146
 4.91912816 5.06664481 4.48593956 3.13112996 6.81675968 4.19934786
 5.09624254 7.16948748 4.14834545 6.86667394 5.83462964 4.13440051]",440.802592188158,372.2679340999433,372.2679340999433,331.7332718103663,331.7332718103663,331.7332718103663,331.7332718103663,331.7332718103663,331.7332718103663,331.7332718103663,331.7332718103663,316.6944930841084,316.6944930841084,316.6944930841084,316.6944930841084,280.503410217587,280.503410217587,280.503410217587,280.503410217587,280.503410217587,280.503410217587,280.503410217587,272.15894245885977,272.15894245885977,272.15894245885977,272.15894245885977,272.15894245885977,272.15894245885977,272.15894245885977,252.9955859778479,224.1189861648785,224.1189861648785,224.1189861648785,219.46174948739403,219.46174948739403,185.6338463951855,169.1198359896016,169.1198359896016,169.1198359896016,164.05374121977596,155.39340985220608,147.05005540842848,147.05005540842848,147.05005540842848,142.63848446881846,138.13006479040848,134.8618541497193,134.8618541497193,134.8618541497193,130.15583467711488,130.15583467711488,128.93141383149683,128.93141383149683,128.93141383149683,128.93141383149683,128.93141383149683,126.53104285054317,126.53104285054317,126.53104285054317,124.79560872484402,124.79560872484402,124.79560872484402,124.79560872484402,124.79560872484402,124.22148863111073,124.22148863111073,124.22148863111073,124.0574048830652,124.0574048830652,124.0574048830652,123.7682410044161,123.7682410044161,121.96121567821157,121.96121567821157,121.96121567821157,121.96121567821157,121.96121567821157,121.96121567821157,121.96121567821157,121.60354754057605,121.60354754057605,121.60354754057605,121.60354754057605,121.60354754057605,121.60354754057605,121.60354754057605,120.71439388188145,120.71439388188145,120.71439388188145,120.71439388188145,120.71439388188145,120.64049176228878,120.64049176228878,120.64049176228878,120.64049176228878,120.64049176228878,120.64049176228878,120.33596017301909,120.33596017301909,120.33596017301909,119.99169395238494,119.99169395238494,119.99169395238494,119.76415271619473,119.4005685866876,119.4005685866876,119.4005685866876,119.4005685866876,119.12350076314183,119.12350076314183,119.12350076314183,119.12350076314183,119.12350076314183,119.12350076314183,118.88777266354955,118.88777266354955,118.88777266354955,118.8463524773855,118.82505091512789,118.82505091512789,118.60396399011245,118.59916709639205,118.59916709639205,118.59916709639205,118.59916709639205,118.59916709639205,118.038701098986,118.038701098986,118.038701098986,118.038701098986,118.038701098986,118.038701098986,118.038701098986,118.038701098986,118.038701098986,118.038701098986,118.038701098986,117.96473736238471,117.88454244643307,117.88454244643307,117.88454244643307,117.7801677913869,117.7801677913869,117.7801677913869,117.7801677913869,117.7801677913869,117.7801677913869,117.71753492252003,117.71753492252003,117.56540798017812,117.30797676461529,117.30797676461529,117.30797676461529,117.30797676461529,117.30797676461529,117.30797676461529,117.30797676461529,117.30797676461529,117.30797676461529,117.30797676461529,117.30797676461529,117.26507977129754,117.1276823249809,117.1276823249809,117.10133213345358,117.10133213345358,117.08550938153715,117.08550938153715,116.95664594156315,116.95664594156315,116.95664594156315,116.82197486078303,116.82197486078303,116.82006867215091,116.7541055382261,116.7541055382261,116.7541055382261,116.7541055382261,116.7541055382261,116.7541055382261,116.7541055382261,116.72889425652266,116.72535923851095,116.69085998650894,116.67857456305023,116.6633282753348,116.65145501783928,116.65050084915089,116.62535134190651,116.60589711672293,116.5993070566239,116.59207319273602,116.58668204808797,116.58358067314384,116.58358067314384,116.57215619667565,116.562014144752,116.56051283019957,116.55330144347172,116.547114962559
GWO_modified,rastrigin,1.5044941902160645,"[3.01198073 4.00408832 4.02673952 5.9966403  6.03477973 4.00416186
 4.00838072 7.04907872 5.00148251 5.95437329 3.00990344 3.01118477
 5.00426269 6.99264229 7.9873666  5.00134654 3.15468483 6.96581537
 6.98575218 5.03211835 2.0122786  5.98780355 5.99369208 4.99867857
 3.01095302 6.99034308 5.99619263 5.99660915 5.92507076 5.05783676]","[3.41279378 4.15117139 4.07836914 6.04567041 6.03612685 3.63162444
 4.01061473 7.04815522 4.72469085 5.97234735 2.89047862 2.79671482
 4.86562292 6.77104799 7.84842723 5.2555601  3.1528704  6.96494919
 6.90898535 5.032063   2.13461653 6.0088771  5.85199087 4.71172585
 2.7984822  6.81786648 5.57340692 6.11950851 5.91729207 5.05776389]",460.28854944371255,362.0719030174864,362.0719030174864,359.69687643096535,269.46369950490185,269.46369950490185,269.46369950490185,269.46369950490185,269.46369950490185,269.46369950490185,269.46369950490185,255.3339628226833,255.3339628226833,255.3339628226833,255.3339628226833,255.3339628226833,255.3339628226833,255.3339628226833,218.59279805131607,218.59279805131607,218.59279805131607,218.59279805131607,218.59279805131607,218.59279805131607,191.78816782300783,182.1652527794103,160.40276608027517,138.24745570040554,127.38849753013002,119.73153813712145,112.14429029062319,109.04734825690437,100.22677732454213,100.22677732454213,97.33262248151826,97.33262248151826,97.33262248151826,97.33262248151826,96.92655778572313,96.02294549330756,94.85914111014023,90.05231753289235,90.05231753289235,87.84382905417448,87.84382905417448,87.84382905417448,87.84382905417448,87.84382905417448,86.39653020942754,86.39653020942754,86.39653020942754,85.36291739235554,85.36291739235554,85.36291739235554,85.36291739235554,85.36291739235554,85.36291739235554,85.36291739235554,85.36291739235554,85.36291739235554,85.0818545472336,85.0818545472336,84.2507874745402,84.2507874745402,84.2507874745402,84.2507874745402,84.2507874745402,84.2507874745402,81.62484735560986,81.62484735560986,81.62484735560986,81.62484735560986,81.62484735560986,81.62484735560986,81.62484735560986,81.62484735560986,81.62484735560986,81.1530634024522,81.1530634024522,81.1530634024522,81.1530634024522,81.1530634024522,81.1530634024522,81.1530634024522,81.1530634024522,81.1530634024522,81.1530634024522,81.1530634024522,81.1530634024522,81.1530634024522,81.1530634024522,81.1530634024522,81.1530634024522,80.8720590883311,80.8720590883311,80.8720590883311,80.8720590883311,80.848642531673,80.848642531673,80.51971156388046,80.41325770636692,80.41325770636692,80.41325770636692,80.31659075509421,80.31659075509421,80.31659075509421,80.31659075509421,80.31659075509421,80.31659075509421,80.31659075509421,80.31659075509421,80.31659075509421,80.31659075509421,80.31659075509421,79.65570174828213,79.65570174828213,79.65570174828213,79.65570174828213,79.65570174828213,79.65570174828213,79.65570174828213,79.65570174828213,79.5951623274839,78.9377357477749,78.9377357477749,78.9377357477749,78.589169168567,78.589169168567,78.589169168567,78.589169168567,78.589169168567,78.589169168567,78.589169168567,78.589169168567,78.589169168567,78.589169168567,78.4268108029502,78.4268108029502,78.4268108029502,78.42464524069422,78.36549873058951,78.26801726565108,78.26801726565108,78.26801726565108,78.26801726565108,78.26801726565108,78.19452428243423,78.19452428243423,77.93398394817117,77.93398394817117,77.93398394817117,77.93398394817117,77.52769707360738,77.52769707360738,77.52769707360738,77.52769707360738,77.52769707360738,77.52769707360738,77.52769707360738,77.52769707360738,77.4650653503738,77.4650653503738,77.42369302843079,77.42369302843079,77.42369302843079,77.26734385443731,77.26734385443731,77.26734385443731,77.26193704846997,77.26193704846997,77.17301189698014,77.12377851735249,77.12377851735249,77.12377851735249,77.12377851735249,77.11245149249532,77.11096935104001,77.11096935104001,77.0376980276678,77.0376980276678,77.0376980276678,76.98695986902177,76.98695986902177,76.98695986902177,76.98695986902177,76.98695986902177,76.96055848422839,76.94844202060784,76.93031021754146,76.9041983498401,76.87897860346015,76.87671405183104,76.86051315405288,76.85078563237113,76.83564233911596,76.83414040895173,76.82236811516526,76.81861380375864,76.81099808091892,76.80802195249325
GWO_modified,rastrigin,1.5145747661590576,"[4.00499136 2.99906295 5.98362153 6.98840808 1.02065943 6.98927512
 5.00099928 4.00668303 4.07549637 4.00470539 7.96490401 6.99143849
 7.98531226 4.05564227 4.00660274 3.01000985 7.03351219 5.97195387
 2.01381227 3.02975844 5.99096809 6.13619179 6.98940791 3.99466346
 5.99143293 5.00069109 7.98500244 4.99356229 7.98472485 4.99939485]","[3.85519804 2.99907406 5.99095948 6.95144557 1.07133091 7.05094085
 5.05090992 4.06815499 4.07388126 4.07020204 7.95575461 7.02034922
 8.03059338 4.05550454 4.03996555 3.18246877 7.03128572 5.97341584
 2.08316157 3.02655031 5.98654146 6.1357624  7.1098821  3.99476141
 5.99512931 4.89852925 7.65077952 4.97332261 8.04443453 4.9483138 ]",418.031022127191,371.96481181261424,341.5153240366647,341.5153240366647,341.5153240366647,341.5153240366647,341.5153240366647,286.35808985953804,286.35808985953804,286.35808985953804,286.35808985953804,286.35808985953804,286.35808985953804,286.33239535422143,285.6371310753287,285.6371310753287,285.6371310753287,285.6371310753287,254.93436025567283,243.28218852421503,233.90068991591448,233.90068991591448,222.83445022909711,222.83445022909711,215.62985355118045,200.26305706300428,180.56972486073903,180.56972486073903,180.56972486073903,180.56972486073903,180.56972486073903,165.2160578544747,165.2160578544747,158.6951924304225,155.63250408602394,151.46415849470088,148.5653834120605,148.5653834120605,148.5653834120605,147.4614878866862,147.4614878866862,147.4614878866862,147.4614878866862,145.43913084503603,145.43913084503603,145.08418584755657,145.08418584755657,145.08418584755657,145.08418584755657,145.08418584755657,141.0698674736265,134.8336754887479,130.3191566029719,127.02759583538145,122.67876300446235,120.0881964212983,116.65663736666477,116.65663736666477,116.65663736666477,115.683886833749,115.683886833749,115.34283229379966,114.64864249388509,114.64864249388509,114.27241079547994,113.12750829961576,113.12750829961576,113.12750829961576,113.09669881266927,112.62652714485284,112.53648858453354,112.53648858453354,112.53648858453354,112.3185057266106,112.3185057266106,112.21765285670466,112.21765285670466,112.21765285670466,112.21765285670466,112.21765285670466,112.21765285670466,112.21765285670466,112.21765285670466,112.21765285670466,112.21765285670466,112.1682150980541,112.1682150980541,111.94743457569723,111.94743457569723,111.94743457569723,111.94743457569723,111.94743457569723,111.87663692951111,111.87663692951111,111.87663692951111,111.53343970266312,111.53343970266312,111.53343970266312,111.53343970266312,111.53343970266312,111.53343970266312,111.53343970266312,111.4463808432518,111.4463808432518,111.4463808432518,111.4463808432518,111.4463808432518,111.4463808432518,111.4463808432518,111.4463808432518,111.4463808432518,111.4463808432518,111.4463808432518,111.4463808432518,111.4463808432518,111.4463808432518,111.3398497888696,111.3398497888696,111.3398497888696,111.3398497888696,111.3398497888696,111.3398497888696,111.23145455137825,111.23145455137825,111.19885577774889,111.16632368975604,111.16632368975604,111.0435194852281,110.9987112297089,110.93411945503249,110.93411945503249,110.93411945503249,110.85843763606297,110.85843763606297,110.85843763606297,110.85843763606297,110.85843763606297,110.85843763606297,110.85843763606297,110.85003107660467,110.85003107660467,110.85003107660467,110.77646257005469,110.76136249837529,110.76136249837529,110.70251690617317,110.70251690617317,110.66490852404786,110.66490852404786,110.66490852404786,110.64062477322557,110.64062477322557,110.64062477322557,110.59776188174675,110.5904751327719,110.5904751327719,110.5687471030279,110.55785242453018,110.54403722430655,110.54403722430655,110.54403722430655,110.54403722430655,110.54403722430655,110.54403722430655,110.5376825886444,110.52890764004826,110.50273648863865,110.48789273828118,110.48789273828118,110.48789273828118,110.48789273828118,110.48083011788876,110.48083011788876,110.48083011788876,110.4783304729817,110.47077455591977,110.47077455591977,110.46471437936023,110.45157871464889,110.45157871464889,110.45039163717499,110.45039163717499,110.44272908675234,110.43924045743736,110.43369164676955,110.43369164676955,110.43213673221703,110.4260027260656,110.42031184431883,110.42031184431883,110.42031184431883,110.41187041166359,110.41102034063226,110.40750946834879,110.40450909729597,110.40229037628453,110.40070754479376,110.40025161636746,110.39895464818323,110.3982585293403
GWO_modified,rastrigin,1.612030267715454,"[6.07131883 5.00019712 5.03355479 5.99318029 4.93974074 5.0011207
 4.99919304 4.0064566  5.01220261 4.00406746 5.20509904 3.01010646
 4.00271673 4.00443952 6.00075697 4.00710297 6.86135857 5.95165428
 3.03048211 4.83792571 4.00513193 3.00103671 5.00009876 4.00255351
 5.0058468  5.99811784 3.98799097 6.99004079 5.99333227 6.052581  ]","[6.07058439 5.58120688 5.10817108 6.13274912 4.95093506 5.0993776
 4.75482222 4.13570428 5.05809462 3.59518055 5.20612082 2.86457702
 3.92566948 3.81487479 6.02636019 3.68762949 6.86612326 5.95493108
 3.02425086 4.83735426 4.21218333 3.0001163  4.44972923 3.91570427
 5.11035498 6.14199716 3.98618886 6.94366548 5.8746927  6.04970598]",464.1761715538826,411.83451903585234,366.02162465426017,344.91054818842497,290.40530679879095,290.40530679879095,276.5513298664072,276.5513298664072,276.5513298664072,276.5513298664072,218.93644865466337,218.93644865466337,218.93644865466337,218.93644865466337,218.93644865466337,211.10748085220916,211.10748085220916,211.10748085220916,211.10748085220916,209.6253774135077,209.6253774135077,176.85720925543586,176.53620920720618,176.53620920720618,176.53620920720618,176.53620920720618,176.53620920720618,157.46892037211532,151.21879448602672,123.86611737846465,115.95923333516987,100.33030738398372,90.03036301045154,90.03036301045154,87.440407975813,87.440407975813,87.440407975813,80.63324222024414,80.63324222024414,80.63324222024414,80.63324222024414,77.8684144827256,76.71134167669396,76.71134167669396,76.71134167669396,76.71134167669396,76.71134167669396,76.71134167669396,76.71134167669396,76.71134167669396,76.71134167669396,75.99006968029573,74.38762798882294,74.38762798882294,73.59407857392472,73.59407857392472,73.59407857392472,73.59407857392472,72.55849775456952,72.55849775456952,70.89895305531851,70.89895305531851,70.89895305531851,70.89895305531851,70.89895305531851,70.89895305531851,70.89895305531851,68.62202132072227,68.62202132072227,66.36389621640092,66.36389621640092,66.36389621640092,65.65599659829837,65.54515627059237,65.54515627059237,64.23292024705492,64.23292024705492,64.00702366403254,64.00702366403254,62.84465238986243,62.502888820831856,62.502888820831856,62.502888820831856,62.502888820831856,62.502888820831856,62.502888820831856,61.44296011277768,61.44296011277768,61.39959097479411,60.84110279438204,60.84110279438204,60.84110279438204,60.76177685968355,59.89861542076832,59.89861542076832,59.148913469550564,59.148913469550564,58.138510776542915,58.138510776542915,58.138510776542915,57.86840006416111,57.86840006416111,57.86840006416111,57.86840006416111,57.86840006416111,57.824691807623395,57.027951631840494,57.027951631840494,57.027951631840494,57.027951631840494,56.626521200630265,56.350871195292086,56.350871195292086,56.350871195292086,56.350871195292086,56.350871195292086,56.350871195292086,56.350871195292086,56.23915271836546,56.23915271836546,56.23915271836546,56.15645256970717,56.15645256970717,56.15645256970717,56.15645256970717,55.99929590775156,55.412209953563575,55.412209953563575,55.412209953563575,55.412209953563575,55.38140397566403,55.38140397566403,55.38140397566403,55.31926642651021,55.31926642651021,55.31926642651021,55.31926642651021,55.31926642651021,55.31926642651021,55.31926642651021,55.31926642651021,55.31926642651021,55.31926642651021,55.31926642651021,55.31926642651021,55.11061902435313,55.11061902435313,55.11061902435313,55.11061902435313,55.062656679056744,55.062656679056744,55.062656679056744,54.71262779082255,54.71262779082255,54.669827344867315,54.669827344867315,54.669827344867315,54.669827344867315,54.669827344867315,54.669827344867315,54.669827344867315,54.669827344867315,54.669827344867315,54.669827344867315,54.60459233632935,54.60459233632935,54.50250310900324,54.472893623213764,54.42228345798236,54.38300890239799,54.38300890239799,54.257125887100216,54.08880932247041,54.08527834128603,54.08527834128603,54.08527834128603,54.054218141029764,53.907877803229894,53.907877803229894,53.83961077959398,53.83961077959398,53.726581854002234,53.69249299678927,53.69249299678927,53.67759460820355,53.62804051081889,53.601477563661234,53.55105601050033,53.522694709967254,53.49452515261876,53.43486384599467,53.38550294930505,53.3764031794195,53.3300062563043,53.30481697919902,53.26954446147613,53.24490851074191,53.22714853503959,53.21420821351629,53.20821751884233
GWO_modified,rastrigin,1.5002248287200928,"[6.89350758 4.03184017 3.00539401 6.00733884 4.00382724 5.03112432
 5.97998543 3.01087685 4.01281997 4.99901462 4.94670197 5.00015939
 2.0146531  4.99598009 2.01425654 5.99708983 4.94486152 3.02948951
 6.91391643 5.00055973 5.00092829 5.00474643 5.9930545  4.9988099
 5.00074902 3.01214156 4.993443   6.96990112 5.98601208 7.03437778]","[6.89405783 4.03186279 3.00061577 6.00631355 3.94923191 5.03481905
 5.9799574  3.21612352 4.04719284 5.18934758 4.94748913 5.118364
 1.94792755 4.99221852 1.88538312 6.14264981 4.93109587 3.02011786
 6.91222699 5.07196353 5.33460461 5.03594452 6.72535585 4.87749493
 4.9036988  3.08008269 4.96760465 6.96947032 5.98518229 7.03436998]",457.3831545376498,402.50041361510205,382.52739731304,360.7230988486592,360.7230988486592,352.5312464320622,352.5312464320622,298.6487721595611,298.6487721595611,261.4445567345564,261.4445567345564,261.4445567345564,261.4445567345564,261.4445567345564,261.4445567345564,261.4445567345564,261.4445567345564,233.88185450991293,233.88185450991293,233.88185450991293,233.88185450991293,233.88185450991293,202.4665262403364,202.4665262403364,202.4665262403364,196.35955270717005,196.35955270717005,196.35955270717005,187.62076373032332,187.62076373032332,187.62076373032332,187.62076373032332,187.62076373032332,186.25954743434772,176.56967401306167,176.56967401306167,142.7352382553881,142.7352382553881,142.7352382553881,125.57622993982307,124.02461838052034,124.02461838052034,124.02461838052034,123.92811123913546,123.92811123913546,107.3035784425752,98.59233879850427,93.98968947780486,86.32593553790306,84.43513646743278,79.82072937106335,79.82072937106335,79.26289351097773,77.39011493472637,77.39011493472637,76.56372270417083,75.89563305730294,75.89563305730294,75.89563305730294,74.92296844487896,74.03828351022608,74.03828351022608,74.03828351022608,73.19463305688481,73.19463305688481,72.42913905140463,72.42913905140463,72.42913905140463,72.42913905140463,72.42913905140463,72.42913905140463,72.42913905140463,71.62512794954037,71.62512794954037,71.62512794954037,71.62512794954037,71.50767162837317,71.50767162837317,71.35469672681734,71.35469672681734,71.35469672681734,71.35469672681734,69.6999127849451,69.6999127849451,69.32954096070773,68.1783097537394,67.93358298604056,67.65707093186782,67.0305823391196,66.88197475443442,65.24805276443169,64.89472869463401,64.34475706254642,64.34475706254642,64.34475706254642,64.34475706254642,64.34475706254642,64.34475706254642,64.34475706254642,64.34475706254642,64.07530081562425,64.04207663316939,64.04207663316939,64.04207663316939,64.04207663316939,64.04207663316939,64.04207663316939,63.752448616432474,63.752448616432474,63.752448616432474,63.752448616432474,63.752448616432474,63.752448616432474,63.4659351697876,63.4659351697876,63.4659351697876,63.4659351697876,63.4659351697876,63.45285449997408,63.45285449997408,63.39465284572029,63.39465284572029,63.39465284572029,63.39465284572029,63.39465284572029,63.39465284572029,63.39465284572029,63.39465284572029,63.39465284572029,63.39465284572029,63.24207534918898,63.24207534918898,63.24207534918898,63.24207534918898,63.24207534918898,63.24207534918898,63.24207534918898,63.24207534918898,63.24207534918898,63.24207534918898,63.20124940599973,63.20124940599973,63.20124940599973,63.20124940599973,63.20124940599973,63.19315294013211,63.13589589917032,63.13589589917032,63.13589589917032,63.13589589917032,63.00496622754349,63.00496622754349,63.00496622754349,63.00496622754349,63.00496622754349,63.00496622754349,63.00496622754349,63.00496622754349,63.00496622754349,63.00496622754349,63.00496622754349,63.00496622754349,62.96142705179355,62.96142705179355,62.94286409825378,62.94286409825378,62.92471411377849,62.92471411377849,62.916608938061444,62.916608938061444,62.916608938061444,62.913786141732004,62.913786141732004,62.87460408589112,62.87460408589112,62.87460408589112,62.87460408589112,62.85241458621812,62.85241458621812,62.85241458621812,62.85241458621812,62.85241458621812,62.8416091274548,62.83319447561382,62.823794212494875,62.823794212494875,62.81801056614617,62.814982842822246,62.81114834461354,62.803963264761165,62.803963264761165,62.783639749397906,62.78276655638831,62.76982122388884,62.76024833754926,62.76024833754926,62.75543823247173,62.74713682953873,62.74209239148345,62.74050299368989
GWO_modified,rastrigin,1.531848669052124,"[4.9413092  4.21770032 5.99644622 5.97413114 5.00397984 4.07153366
 6.03461969 5.99329246 7.0186916  6.04990949 4.00603141 3.00957342
 6.00041996 7.06403663 2.94133354 8.97675334 4.01448189 7.95234384
 3.04026384 4.87672103 2.01666166 4.99971603 5.99507213 5.99594592
 2.01502173 1.94591671 5.01773799 4.00420946 5.01916222 5.9936799 ]","[4.94277762 4.22066548 5.85149822 5.98076181 4.82973845 4.06494128
 6.02828964 5.73028625 7.01785975 6.06621649 3.85427347 3.20302104
 5.99194461 7.06636658 2.943721   8.93279908 4.1032009  7.95652024
 3.03241973 4.87742382 2.16757239 3.82440176 5.80411096 6.19258481
 1.83980219 1.94867422 5.01649296 4.17905369 5.02088379 6.09691085]",378.6138305799004,325.71157405129696,325.71157405129696,320.07556329214526,320.07556329214526,320.07556329214526,279.39593242870916,279.39593242870916,279.39593242870916,279.39593242870916,279.39593242870916,279.39593242870916,277.86664611662974,272.48431472168687,272.48431472168687,272.48431472168687,255.35411818611917,255.35411818611917,255.35411818611917,255.35411818611917,255.35411818611917,255.35411818611917,255.35411818611917,246.6719019080423,246.6719019080423,220.10865209585484,173.4816454980837,173.4816454980837,172.44775210949575,172.44775210949575,172.44775210949575,172.44775210949575,172.44775210949575,172.44775210949575,172.44775210949575,172.44775210949575,172.44775210949575,172.44775210949575,172.44775210949575,172.44775210949575,172.08983112028668,172.08983112028668,172.08983112028668,172.08983112028668,172.08983112028668,172.08983112028668,166.17926253499064,163.215567056208,138.79154632434572,135.7577720149319,127.41926737660603,122.52824487350946,122.52824487350946,118.21961581904372,118.21961581904372,116.78283836791923,115.93994831517213,115.7248469845268,115.27676452097845,111.74273407968406,111.35473952881898,111.35473952881898,110.77113747804879,110.77113747804879,110.51256386938965,110.51256386938965,109.9760774566243,109.9760774566243,109.9760774566243,108.91741536722859,108.91741536722859,108.91741536722859,108.55789892208992,108.55789892208992,107.96840252951125,107.96840252951125,107.96840252951125,107.81253513890857,107.81253513890857,107.81253513890857,107.81253513890857,107.57033254631972,105.99733556686093,105.99733556686093,105.99733556686093,105.99733556686093,105.99733556686093,105.99733556686093,105.99733556686093,105.99733556686093,105.54665221881817,105.54665221881817,105.54665221881817,105.54665221881817,105.54665221881817,105.54665221881817,105.54665221881817,105.54665221881817,105.54665221881817,105.54665221881817,105.54665221881817,105.54665221881817,105.54665221881817,105.54665221881817,105.54665221881817,105.54665221881817,105.54665221881817,105.54665221881817,105.41552726917342,105.41552726917342,105.41552726917342,105.41552726917342,105.41552726917342,105.41552726917342,105.41552726917342,105.41552726917342,105.41552726917342,105.34109347494766,105.34109347494766,105.24276105361054,105.24276105361054,105.1096669918357,104.64143356256392,104.64143356256392,104.64143356256392,104.64143356256392,104.64143356256392,104.64143356256392,104.64143356256392,104.64143356256392,104.64143356256392,104.37098696018953,104.37098696018953,104.37098696018953,104.37098696018953,104.37098696018953,104.37098696018953,104.37098696018953,104.37098696018953,104.37098696018953,104.37098696018953,104.19453420573444,104.19453420573444,104.19453420573444,104.19453420573444,104.19453420573444,104.1445886228503,104.0368505976594,103.72871825330182,103.72871825330182,103.72871825330182,103.72871825330182,103.64274589512107,103.64274589512107,103.43516819728333,103.43516819728333,103.43516819728333,103.36221599122317,103.23586815350671,103.23586815350671,103.17442028309878,103.17442028309878,103.04882739179538,103.04882739179538,103.02405047587033,103.02405047587033,103.02405047587033,102.98365260471988,102.98365260471988,102.78979267292851,102.78979267292851,102.76877978979795,102.76877978979795,102.74698474721976,102.74698474721976,102.61017980983209,102.61017980983209,102.57273528579071,102.57273528579071,102.56795982649354,102.56795982649354,102.56795982649354,102.55911245489031,102.5022541915396,102.41724808307731,102.35658628012249,102.35658628012249,102.33939920098686,102.32988428595002,102.31462264306631,102.31269671486581,102.28431649724183,102.28431649724183,102.27533768646805,102.25743478434208,102.2549182297245,102.24932141221203,102.24318467262344,102.23765483848672,102.23327334754248
GWO_modified,rastrigin,1.561525583267212,"[4.00695102 5.99407971 4.00260222 4.99797081 5.00505091 4.98699958
 4.00491005 5.9294288  4.00765298 4.99678139 7.03708215 4.00323299
 4.99162588 6.99251186 3.02681427 5.00424125 6.98801496 4.99639183
 4.99310664 4.01163894 8.00721613 4.0053326  5.00076735 6.99028934
 6.92656842 3.99981734 5.04272067 4.00512953 4.1396687  7.08170266]","[3.74647216 6.48775416 4.194004   4.06365428 4.90492498 4.90333562
 4.20929905 5.9376477  4.32600575 4.77138336 7.04784291 3.86756794
 5.06249493 6.68348678 3.03736052 5.17323543 7.58680889 5.20292707
 5.00922557 4.19452351 7.99341625 4.09383608 5.38197037 7.82399901
 6.93410718 4.2278569  5.03816059 4.68800531 4.12488622 7.06627032]",411.4651142135491,321.3003850353195,321.3003850353195,321.3003850353195,321.3003850353195,277.4984907383665,277.4984907383665,277.4984907383665,276.849485311159,276.849485311159,276.849485311159,276.849485311159,276.849485311159,265.28898669335877,265.28898669335877,265.28898669335877,265.28898669335877,265.28898669335877,265.28898669335877,238.87164754789362,238.87164754789362,238.87164754789362,238.87164754789362,235.1448723377616,235.1448723377616,227.21335905894708,174.83862590818026,174.83862590818026,171.95600124953185,158.51660116849766,146.4526831264995,134.0006850192267,133.34698843606967,133.34698843606967,95.74200149193399,95.74200149193399,95.74200149193399,95.74200149193399,95.74200149193399,95.74200149193399,95.74200149193399,95.74200149193399,95.74200149193399,95.74200149193399,95.74200149193399,95.74200149193399,95.74200149193399,95.74200149193399,95.74200149193399,95.74200149193399,95.74200149193399,95.74200149193399,95.74200149193399,93.69058228581059,93.69058228581059,93.69058228581059,93.69058228581059,93.69058228581059,93.69058228581059,93.69058228581059,93.69058228581059,93.69058228581059,93.69058228581059,93.69058228581059,93.69058228581059,93.69058228581059,93.69058228581059,93.69058228581059,91.43651649000097,91.43651649000097,91.43651649000097,91.43651649000097,91.43651649000097,89.76860830982633,88.14622996304593,84.61405209994933,82.21048586263063,82.21048586263063,78.19444654792397,77.76417586003143,77.76417586003143,77.76417586003143,77.76417586003143,77.76417586003143,77.76417586003143,77.76417586003143,77.76417586003143,75.51415558924018,75.51415558924018,74.58733761071028,74.58733761071028,74.58733761071028,74.58733761071028,71.64256640617106,71.64256640617106,71.64256640617106,71.64256640617106,71.64256640617106,71.28488798740895,71.28488798740895,71.28488798740895,71.28488798740895,71.28488798740895,71.28488798740895,71.28488798740895,71.28488798740895,69.25855892670495,68.75835314712236,68.75835314712236,68.75835314712236,68.75835314712236,68.40766552273342,68.40766552273342,68.40766552273342,68.40766552273342,68.40766552273342,67.22130159064449,67.22130159064449,67.22130159064449,65.21072252293507,65.21072252293507,65.21072252293507,65.21072252293507,64.10037371576126,62.64465942442766,62.64465942442766,62.64465942442766,62.64465942442766,62.64465942442766,62.64465942442766,61.9408681320958,61.57909152391235,61.57909152391235,61.321641256449766,61.321641256449766,61.321641256449766,61.290950444805446,61.290950444805446,61.290950444805446,61.290950444805446,61.03258351264674,61.03258351264674,61.03258351264674,60.854735457475556,60.770483097071235,59.93150420593088,59.93150420593088,59.93150420593088,59.93150420593088,59.548426921657466,59.548426921657466,59.548426921657466,59.548426921657466,59.49055017862008,58.72221844062497,58.36626100773921,58.36626100773921,58.33572946995042,58.33572946995042,58.33572946995042,58.33572946995042,58.33572946995042,58.33572946995042,58.11393485870701,57.970222964334425,57.970222964334425,57.970222964334425,57.970222964334425,57.958776741720555,57.958776741720555,57.958776741720555,57.74946757264303,57.621077505274855,57.48294149475379,57.48294149475379,57.48294149475379,57.48294149475379,57.374760094674144,57.00727483028945,57.00727483028945,57.00727483028945,57.00727483028945,57.00727483028945,56.9258974891859,56.7017425312965,56.7017425312965,56.7017425312965,56.7017425312965,56.690964432157216,56.60972280380645,56.59611665399427,56.59611665399427,56.54812688726258,56.54812688726258,56.49351705358333,56.47085375260673,56.46256469011806,56.443906770804034,56.41457681156513,56.40939952331479
GWO_modified,rastrigin,1.6754424571990967,"[7.08055725 5.0428378  4.02944867 1.01933257 6.99099038 3.13513201
 5.00011082 9.03782589 3.92542711 4.00420891 5.08018309 7.14528553
 4.99732587 4.97204149 6.0388022  5.95649037 4.00527712 4.08636562
 4.96993966 2.99976254 4.91580072 7.98369358 5.00097303 4.00490248
 5.94670398 5.00121203 7.93603616 3.9424661  4.99173461 2.98070114]","[7.07218839 5.03593698 4.02829685 0.86786166 7.07797282 3.12301351
 5.95155385 9.03615522 3.9473811  4.10774069 5.07543558 7.13811655
 4.26092174 5.00060942 6.01948795 5.93012425 4.23826533 4.08492382
 4.99708732 3.0099836  4.91108628 7.77873945 4.4261017  2.96785271
 5.95155783 4.76474604 7.94256164 3.94551754 4.96799673 2.96607468]",436.18173214483846,358.1489845188666,358.1489845188666,344.6075987018524,344.6075987018524,344.6075987018524,344.6075987018524,333.01754373579263,333.01754373579263,333.01754373579263,333.01754373579263,333.01754373579263,333.01754373579263,333.01754373579263,333.01754373579263,333.01754373579263,333.01754373579263,333.01754373579263,333.01754373579263,333.01754373579263,333.01754373579263,333.01754373579263,324.4350268038037,324.4350268038037,324.4350268038037,304.9981248027932,304.9981248027932,304.9981248027932,279.2014692292944,279.2014692292944,279.2014692292944,245.0606400815599,245.0606400815599,245.0606400815599,245.0606400815599,245.0606400815599,237.20979028510223,222.44465717899402,179.84658283443738,179.84658283443738,179.84658283443738,179.84658283443738,179.84658283443738,179.84658283443738,179.84658283443738,179.84658283443738,179.84658283443738,167.9520577459664,167.9520577459664,167.9520577459664,167.9520577459664,167.9520577459664,150.99854203813052,150.99854203813052,148.80995000817637,141.76770481048175,141.76770481048175,136.70922246092036,136.70922246092036,133.50589147998448,132.29319774331373,126.15228027718666,126.15228027718666,124.19437157286723,124.19437157286723,117.0863025862603,114.241852706132,114.241852706132,114.241852706132,113.63555541269093,113.63555541269093,113.63555541269093,113.63555541269093,113.63555541269093,113.63555541269093,111.36275992225043,111.36275992225043,111.36275992225043,111.36275992225043,111.36275992225043,111.36275992225043,109.04662008450816,109.04662008450816,109.04662008450816,109.04662008450816,109.04662008450816,109.04662008450816,108.48257862079936,106.74716915434658,106.74716915434658,106.12240353491566,106.12240353491566,106.12240353491566,106.12240353491566,106.12240353491566,106.12240353491566,105.79028185420214,105.79028185420214,105.79028185420214,105.79028185420214,105.79028185420214,105.79028185420214,105.79028185420214,105.79028185420214,105.79028185420214,105.13865283414779,105.13865283414779,105.13865283414779,105.13865283414779,105.13865283414779,105.13865283414779,105.13865283414779,105.13865283414779,105.13865283414779,105.13865283414779,105.13865283414779,105.13865283414779,105.13865283414779,105.13865283414779,104.85038383643331,104.85038383643331,104.70371010183058,104.70371010183058,104.70371010183058,104.70371010183058,104.70371010183058,104.70371010183058,104.70371010183058,104.46660302186078,104.46660302186078,104.46660302186078,104.46660302186078,104.3466891292154,104.3466891292154,104.3466891292154,104.3466891292154,104.3466891292154,104.3466891292154,104.3466891292154,104.3466891292154,104.21226784304247,103.99686953561164,103.99686953561164,103.99686953561164,103.94574568855171,103.94574568855171,103.94574568855171,103.94500544687563,103.94500544687563,103.94500544687563,103.57071944133298,103.57071944133298,103.57071944133298,103.57071944133298,103.19826557506295,103.19826557506295,103.19826557506295,103.19826557506295,103.19826557506295,103.19826557506295,103.19826557506295,103.19826557506295,102.93341345351331,102.93341345351331,102.93341345351331,102.93341345351331,102.87483347260059,102.81307857612629,102.54706006572115,102.54706006572115,102.54706006572115,102.5392255075021,102.37844947210817,102.37844947210817,102.2920980848721,102.2920980848721,102.2920980848721,102.07322308151825,102.07322308151825,102.07322308151825,102.07322308151825,102.05909724902628,102.05909724902628,102.05909724902628,102.02288981878286,102.02288981878286,102.02288981878286,102.02022504011691,101.98170210873502,101.97881815805002,101.97677180249431,101.92964245970703,101.90766321497074,101.8556140666754,101.84359534053581,101.81495111129539,101.79211715541084,101.78555460767069,101.77200925772877,101.76209679428345
GWO_modified,rastrigin,1.607328176498413,"[5.03072887 4.99980869 6.97377524 3.0104587  5.01792908 5.00125074
 3.00957808 3.99821654 6.00237316 6.06712474 4.00733676 4.00479257
 5.01228132 4.00438049 5.00105428 5.97333099 5.99532236 3.04044685
 3.02077591 5.96716463 5.99416937 4.98114337 2.94899228 4.00540121
 5.99414897 4.93125009 5.99080091 3.99257531 8.97901485 3.98872959]","[5.02663377 5.04875383 6.96753441 2.96078182 5.01447827 5.22228015
 2.88596035 3.99850749 6.00207497 6.06626987 4.03571636 3.89907535
 5.01163465 3.74994503 5.04786699 5.97455623 6.08882437 3.03890042
 3.03078443 5.9713232  5.96841348 4.97957957 2.95030556 4.1187849
 5.89894338 4.93164393 5.98820198 3.98907992 8.93995769 3.98122562]",379.55055718041217,369.8437396868334,355.9322529477314,329.2625849198917,329.2625849198917,329.2625849198917,329.2625849198917,325.19787376028205,325.19787376028205,323.19442060114204,323.19442060114204,305.70619961165653,305.70619961165653,305.70619961165653,305.70619961165653,305.70619961165653,264.755675751461,264.755675751461,264.755675751461,264.755675751461,261.5448214063167,261.5448214063167,261.5448214063167,261.5448214063167,244.54815563511835,244.54815563511835,244.54815563511835,244.54815563511835,243.71256049679965,243.71256049679965,243.71256049679965,243.71256049679965,243.71256049679965,228.9350716158941,228.9350716158941,228.9350716158941,228.9350716158941,228.9350716158941,220.68049170683176,220.68049170683176,220.68049170683176,220.68049170683176,220.68049170683176,220.68049170683176,220.68049170683176,211.07306900562054,204.35735265904196,189.08349759117795,189.08349759117795,189.08349759117795,172.86500277851675,172.86500277851675,172.86500277851675,172.86500277851675,172.86500277851675,171.2851620345169,161.96900040933252,161.7079743098864,161.7079743098864,144.04567321472294,137.1274586922228,118.56131195732095,117.0319924441302,108.11262909043114,105.09112840828107,97.46357741779161,97.44284189085207,95.41722402240538,94.49893960049724,91.18145091249528,91.18145091249528,90.296992583301,90.296992583301,90.296992583301,90.296992583301,89.97355707540135,80.65891066175863,77.14286205083471,74.96146790575872,74.45017983282023,73.7796476797638,72.53591861914384,70.67810520321913,69.72279449000567,67.18069993721517,64.74986833084111,63.01769342826873,62.28218153440153,62.058225945256424,61.497881385693546,60.96933345977715,60.18562656093974,60.18562656093974,59.75213026325153,59.75213026325153,59.34507726614288,59.34507726614288,59.34507726614288,59.34507726614288,59.26464807683004,59.2113486516682,59.2113486516682,59.2113486516682,59.147169828630894,59.147169828630894,59.066929020160984,59.066929020160984,59.066929020160984,59.066929020160984,59.066929020160984,59.066929020160984,59.06554221914371,59.06554221914371,59.049768114535965,58.98262363960194,58.98262363960194,58.98262363960194,58.98262363960194,58.98262363960194,58.98262363960194,58.98262363960194,58.93201482140145,58.93201482140145,58.85691313090308,58.81843929549143,58.81843929549143,58.81843929549143,58.81843929549143,58.81843929549143,58.81843929549143,58.81843929549143,58.81843929549143,58.81843929549143,58.81843929549143,58.81843929549143,58.717138159999536,58.717138159999536,58.717138159999536,58.717138159999536,58.689509485009694,58.682085414272024,58.66713346052069,58.66713346052069,58.64283885357432,58.58183330278092,58.58183330278092,58.570093211565194,58.570093211565194,58.53445730142488,58.53445730142488,58.53445730142488,58.53445730142488,58.53445730142488,58.53445730142488,58.53445730142488,58.53445730142488,58.52595316923316,58.52595316923316,58.52595316923316,58.52595316923316,58.52595316923316,58.51887698179371,58.51887698179371,58.50777244827384,58.50777244827384,58.49825238128571,58.472449748089645,58.47007815226823,58.46370695526653,58.45150765379711,58.441045724023894,58.441045724023894,58.43902446148596,58.43158936553857,58.429316472764896,58.41709735634225,58.41709735634225,58.41709735634225,58.41456521122646,58.405460536542165,58.405460536542165,58.405460536542165,58.40032167857805,58.40022471277581,58.39677130253651,58.39408630393564,58.38846098025269,58.38846098025269,58.38532336430836,58.38527735753502,58.37517312584663,58.37517312584663,58.37366143852614,58.37199729119402,58.36955815026698,58.368060374680084,58.365739600263225,58.364597368193614,58.36312715163754,58.362351115008835
GWO_modified,rastrigin,1.5491173267364502,"[5.99478497 5.0013004  4.00515086 6.03322702 7.01686619 5.99610364
 3.99892057 5.00157258 4.97771899 5.99514937 5.00138503 5.99435309
 5.99537755 2.02111089 4.00623162 3.01017505 5.00086983 3.01143399
 3.06413255 6.98625258 4.00402408 4.03173942 6.99148132 3.88237215
 3.00831974 4.00562116 5.04190978 5.99526628 2.01737975 5.0001925 ]","[6.2486255  5.11338984 4.27112392 6.02831982 7.02891128 5.75518088
 4.01774858 5.09094483 4.9460314  5.881663   5.0841711  6.08469956
 5.84926547 1.99293271 4.0704309  2.69540743 4.78713543 3.17414247
 3.06187388 6.98161025 3.91460373 4.03588915 7.03296072 3.88365396
 3.08576212 4.08611968 5.04106435 6.13363179 2.24803656 5.10125813]",432.60187897691844,389.97872860412974,354.01814500968067,332.652376943934,332.652376943934,327.0669104281992,327.0669104281992,327.0669104281992,311.2133425783943,311.2133425783943,311.2133425783943,260.08486963973235,260.08486963973235,260.08486963973235,247.3188421318917,247.3188421318917,247.3188421318917,232.49455083119193,232.49455083119193,220.51903160442126,220.51903160442126,220.51903160442126,220.51903160442126,194.6713402230565,194.6713402230565,185.62488713393918,185.62488713393918,185.62488713393918,155.08563083583158,155.08563083583158,153.62006682879323,153.62006682879323,153.162684603699,139.28391610881226,115.40520537469627,111.2276474716389,104.69283984533647,92.47120545705405,92.47120545705405,92.20732879841026,89.23777594959552,86.87392363341297,86.87392363341297,86.87392363341297,85.30012881011328,84.28472238137991,84.28472238137991,84.28472238137991,82.01142813122328,80.839560643966,74.97167698308255,74.97167698308255,74.97167698308255,74.97167698308255,74.97167698308255,74.97167698308255,74.55225611837162,74.55225611837162,74.55225611837162,74.55225611837162,74.55225611837162,72.31298714766714,72.31298714766714,72.31298714766714,71.70260892224582,71.70260892224582,71.70260892224582,71.70260892224582,71.70260892224582,71.70260892224582,71.70260892224582,71.70260892224582,71.70260892224582,71.70260892224582,71.39575038284306,70.74633460301291,70.74633460301291,70.74633460301291,70.74633460301291,70.74633460301291,70.74633460301291,70.74633460301291,70.74633460301291,70.74633460301291,70.74633460301291,70.74633460301291,70.45322810039752,70.45322810039752,70.45322810039752,70.33801085326579,70.17791489861224,70.17791489861224,69.69112332409082,69.69112332409082,69.21979714911902,69.21979714911902,69.21979714911902,69.21979714911902,69.21979714911902,69.21979714911902,69.21979714911902,69.21979714911902,69.21979714911902,69.21979714911902,69.21979714911902,69.21979714911902,69.21979714911902,69.21979714911902,69.21979714911902,69.21979714911902,69.05805986709612,68.83392447024306,68.83392447024306,68.82445763957446,68.82445763957446,68.82445763957446,67.91864051333559,67.91864051333559,67.91864051333559,67.91864051333559,67.91864051333559,67.91864051333559,67.1012632213525,67.1012632213525,67.1012632213525,67.1012632213525,66.58858826352792,66.55812000668715,65.90244903733017,65.90244903733017,65.89713305694673,65.89713305694673,65.83373190207215,65.5946313542079,65.45128848212127,65.45128848212127,65.2815253431288,65.2815253431288,65.2815253431288,65.25229208484075,65.25229208484075,65.21704824702095,65.21704824702095,65.18633872662579,64.91178807703798,64.91178807703798,64.80642932103228,64.68642137526143,64.68642137526143,64.68642137526143,64.68642137526143,64.68642137526143,64.68642137526143,64.68642137526143,64.68642137526143,64.68642137526143,64.68642137526143,64.68642137526143,64.68642137526143,64.68642137526143,64.68642137526143,64.64505138369884,64.64505138369884,64.64505138369884,64.55438477536796,64.55438477536796,64.53931340150385,64.53931340150385,64.48814260870756,64.48814260870756,64.46424886853035,64.46424886853035,64.46424886853035,64.46424886853035,64.45473266986144,64.45473266986144,64.45473266986144,64.45056894880105,64.42546158413026,64.37215365422986,64.37215365422986,64.35391126108652,64.35365647649695,64.30057148460503,64.30057148460503,64.30057148460503,64.27583446101261,64.27583446101261,64.25310985357999,64.25048050671549,64.23542884886024,64.22288041826175,64.20305644805455,64.20305644805455,64.19401470803271,64.18902294501717,64.18373850683213,64.17977062734087,64.17390515259575,64.17055891522091
GWO_modified,rastrigin,1.624027967453003,"[6.98566588 4.00556039 3.00921353 5.00106682 4.97644542 5.05110945
 6.07570107 3.00957045 5.00054045 3.98208127 3.93915075 4.99909823
 4.00475954 6.9900584  4.99906697 8.9834061  5.98306088 4.99832351
 5.00073841 3.00335289 4.00731428 5.00665761 5.9949191  4.0065577
 4.99810504 4.01704034 6.95683809 5.97471902 4.99991144 6.97313243]","[7.0609903  3.90381926 2.82186918 4.89172027 4.97133321 5.04556957
 6.07520501 3.15124613 5.32362421 3.98521163 3.94004373 4.86006094
 4.2161332  6.75055875 4.76721669 9.05440859 5.92920842 4.87349749
 5.11601942 2.98617054 4.03073208 5.00682351 6.01494144 4.05986772
 4.55462968 4.02720763 6.95271091 5.95104611 4.89315023 6.97090067]",445.09633050591015,405.5213243490363,354.75637528672405,354.75637528672405,354.75637528672405,335.4097148843521,335.4097148843521,323.5299983522716,288.5946928585047,288.5946928585047,288.5946928585047,286.06158912218865,286.06158912218865,286.06158912218865,252.414911505872,252.414911505872,252.414911505872,249.50368273141737,249.50368273141737,249.50368273141737,249.50368273141737,240.64626191608335,240.64626191608335,240.64626191608335,233.73672576740358,233.73672576740358,233.73672576740358,229.37449572910714,229.37449572910714,222.92407397899458,222.92407397899458,222.92407397899458,217.96578512735599,196.2813710258926,174.42252934222154,147.4756564360784,147.4756564360784,147.4756564360784,147.4756564360784,147.4756564360784,147.4756564360784,136.58292009157034,126.2721663872826,109.80743507671312,91.77184374720593,85.6209669901219,77.69550911176322,77.69550911176322,76.76771984823591,75.06884966877726,72.3531236745184,72.25811346374292,72.11879015974381,69.91060888567179,69.91060888567179,68.8850486727124,68.62028322531066,68.62028322531066,68.62028322531066,68.62028322531066,68.62028322531066,68.01248143323437,68.01248143323437,68.01248143323437,67.38114365835122,67.38114365835122,66.66564545545975,66.66564545545975,66.66564545545975,65.93711049515719,65.45874886856788,65.45874886856788,64.90330976562677,64.45750837406189,63.87083661081914,63.73421457983224,62.77809871178795,62.77809871178795,62.76181224687173,62.376810081575655,61.71989969883995,61.106870635501735,61.106870635501735,61.106870635501735,61.106870635501735,60.12157508866153,60.12157508866153,60.12157508866153,60.12157508866153,60.12157508866153,60.12157508866153,60.12157508866153,60.08236973093952,60.08236973093952,60.08236973093952,60.08236973093952,60.08236973093952,60.08236973093952,59.852570589285506,59.66131395195123,59.66131395195123,59.66131395195123,59.66131395195123,59.66131395195123,59.518771778858905,59.518771778858905,59.518771778858905,59.518771778858905,59.518771778858905,59.518771778858905,59.518771778858905,59.518771778858905,59.518771778858905,59.518771778858905,59.518771778858905,59.30729959875444,59.30729959875444,59.11445083797298,59.10614990298157,59.10614990298157,59.10614990298157,59.10614990298157,59.10614990298157,59.10614990298157,59.10614990298157,59.083363134358166,59.083363134358166,59.083363134358166,59.083363134358166,59.083363134358166,59.04124631542496,58.971311432861114,58.971311432861114,58.971311432861114,58.971311432861114,58.971311432861114,58.971311432861114,58.971311432861114,58.852753674181855,58.852753674181855,58.852753674181855,58.852753674181855,58.852753674181855,58.852753674181855,58.7297509743446,58.7297509743446,58.7297509743446,58.7297509743446,58.7297509743446,58.7297509743446,58.7297509743446,58.7297509743446,58.71261864440484,58.71261864440484,58.71261864440484,58.71261864440484,58.6548947480847,58.6548947480847,58.6548947480847,58.62623807351321,58.62623807351321,58.62623807351321,58.46362519486951,58.46362519486951,58.46362519486951,58.46362519486951,58.46362519486951,58.43882187811465,58.43882187811465,58.43882187811465,58.43882187811465,58.43882187811465,58.43882187811465,58.43882187811465,58.43882187811465,58.35929532913278,58.35929532913278,58.33712113192212,58.33712113192212,58.29134489624005,58.26942917616873,58.26081343174269,58.213418395670544,58.1984764493356,58.13127351954128,58.11460653376824,58.08889422399653,58.07354714502415,58.06159092906975,58.06159092906975,58.06060882710119,58.05658858199561,58.044810383802314,58.040165910230456,58.03497211097812,58.0301233432551,58.022677504651455,58.01693511543573,58.01489270907172,58.01114793194276
GWO_modified,rastrigin,1.5525436401367188,"[4.00676227 5.04026864 2.01440919 7.13892425 4.00291343 6.0520375
 5.99144061 4.998441   6.09005524 5.00179194 2.0364537  5.99100097
 3.00769688 2.99564848 6.08076574 5.99854416 8.05159852 4.99613124
 4.98883236 8.98171526 5.9915674  4.96255423 5.99326998 7.91563013
 4.00432832 8.05026351 5.9821491  5.9958077  4.02035265 5.13527124]","[4.27658066 5.03595187 2.36625852 7.13613655 3.10192208 6.03712212
 6.16904965 5.31032264 6.08644695 5.4750611  2.05848954 5.72594831
 3.08125003 2.9949002  6.09674617 6.24467074 8.05175155 6.00513121
 4.90508455 8.87818209 5.00774944 4.9954988  6.181724   7.91641418
 4.12048289 8.03342175 5.90276073 6.23666079 4.11950821 5.13182345]",417.4205206778841,359.86575497869194,359.86575497869194,352.66424593293243,301.33864425023444,301.33864425023444,301.33864425023444,301.33864425023444,301.33864425023444,284.37857482110854,284.37857482110854,284.37857482110854,284.37857482110854,284.37857482110854,284.37857482110854,284.37857482110854,266.6136899150909,266.6136899150909,266.6136899150909,266.6136899150909,266.6136899150909,246.66224271401293,220.68178006934357,219.0294042286755,219.0294042286755,219.0294042286755,219.0294042286755,219.0294042286755,211.69129913103188,210.30281271043248,192.6808617578429,178.56488638525212,178.56488638525212,163.94763577690685,155.09030715983664,150.8486871642614,127.13235498280557,127.13235498280557,127.13235498280557,127.13235498280557,127.13235498280557,127.13235498280557,127.13235498280557,127.13235498280557,127.13235498280557,127.13235498280557,127.13235498280557,121.62969619249029,121.62969619249029,121.62969619249029,121.62969619249029,115.42559166832265,115.42559166832265,115.42559166832265,115.42559166832265,115.42559166832265,115.42559166832265,115.42559166832265,115.42559166832265,111.09958971300861,111.09958971300861,111.09958971300861,111.09958971300861,111.09958971300861,111.09958971300861,111.09958971300861,111.09958971300861,111.09958971300861,111.09958971300861,111.09958971300861,111.09958971300861,111.09958971300861,111.09958971300861,111.09958971300861,111.09958971300861,111.09958971300861,111.09958971300861,111.09958971300861,111.09958971300861,111.09958971300861,111.09958971300861,111.09958971300861,111.09958971300861,111.09958971300861,111.09958971300861,111.09958971300861,111.09958971300861,111.09958971300861,111.09958971300861,111.09958971300861,111.09958971300861,111.09958971300861,111.09958971300861,111.09958971300861,111.09958971300861,111.09958971300861,111.09958971300861,111.09958971300861,111.09958971300861,111.09958971300861,111.09958971300861,111.09958971300861,111.09958971300861,111.09958971300861,111.09958971300861,111.09958971300861,111.09958971300861,110.5108871454953,110.46003920523421,109.94803573370527,107.85499505196213,107.85499505196213,107.85499505196213,105.82765150370918,105.67305437352198,105.67305437352198,105.67305437352198,105.67305437352198,105.67305437352198,105.67305437352198,105.67305437352198,105.67305437352198,105.67305437352198,105.67305437352198,104.87399823201321,104.87399823201321,104.87399823201321,104.87399823201321,104.87399823201321,103.71196324485538,103.71196324485538,103.71196324485538,103.71196324485538,103.71196324485538,103.71196324485538,103.71196324485538,103.71196324485538,103.71196324485538,103.71196324485538,103.71196324485538,103.71196324485538,103.71196324485538,103.71196324485538,103.50203668195289,103.50203668195289,103.50203668195289,103.4925695372859,103.4925695372859,103.4925695372859,103.4925695372859,102.4242768236106,102.4242768236106,102.4242768236106,102.4242768236106,102.4242768236106,102.4242768236106,102.4242768236106,102.4242768236106,102.4242768236106,102.38549118949624,102.38549118949624,102.16246965111733,102.16246965111733,102.16246965111733,102.16246965111733,102.16246965111733,102.16246965111733,102.16246965111733,102.16246965111733,102.16246965111733,102.16246965111733,102.16246965111733,102.16246965111733,102.16246965111733,102.02299211212241,102.02299211212241,102.02299211212241,102.02299211212241,101.89093445624505,101.89093445624505,101.89093445624505,101.89093445624505,101.81147701005938,101.80212404050712,101.80212404050712,101.80212404050712,101.72418969620773,101.69351028356212,101.63504027245224,101.63469682318782,101.56447480698736,101.56447480698736,101.5399849884399,101.52812909533316,101.52812909533316,101.520127946088,101.50305613490764,101.47682277089547,101.47669824799851,101.46613162653378
GWO_modified,rastrigin,1.5479624271392822,"[8.94156283 8.95758658 5.99525788 3.01261146 4.01601078 4.99786397
 3.93920227 5.98197988 5.00258386 4.00346456 3.01651621 4.00251244
 4.90370022 6.05827456 4.97097719 6.99139715 6.97886329 3.01275994
 3.96942487 4.91392577 5.03814336 4.02528356 5.97967651 5.00155036
 5.00163157 3.01186333 4.957063   5.86470781 6.03497283 7.03678674]","[8.9412484  8.88134711 5.86602672 3.00144156 4.11352705 4.09408371
 3.95548735 5.87556957 3.74040423 3.81108495 2.79665519 4.13334978
 4.90846654 6.07314312 4.92839195 6.86827286 6.91902074 3.22504536
 3.98572121 4.9362377  5.01503585 4.0129699  5.90153392 5.32410716
 5.44655718 2.45973767 4.96380538 5.86181762 6.06487505 7.01705208]",421.8944415973432,379.449562623707,360.73722628959354,360.73722628959354,333.8097084271051,333.8097084271051,333.8097084271051,333.8097084271051,324.6005173237686,324.6005173237686,324.6005173237686,324.6005173237686,308.27362660756603,308.27362660756603,297.9126908309525,297.9126908309525,297.9126908309525,271.71400379689544,271.71400379689544,268.6428921462937,268.6428921462937,268.6428921462937,268.6428921462937,268.6428921462937,193.42518181710386,193.42518181710386,193.42518181710386,193.42518181710386,193.42518181710386,193.42518181710386,193.42518181710386,193.42518181710386,193.42518181710386,193.42518181710386,183.74204687902062,173.3531779760633,169.05985556747515,162.30748400681503,161.24351718226944,152.61258142773994,113.78404922623764,105.0350979192952,102.57895467836681,102.57895467836681,102.57895467836681,96.71672950306754,96.71672950306754,96.71672950306754,96.71672950306754,96.71672950306754,96.71672950306754,96.71672950306754,96.71672950306754,96.71672950306754,96.32732013014885,96.32732013014885,96.32732013014885,96.32732013014885,96.32732013014885,96.32732013014885,96.32732013014885,96.32732013014885,96.32732013014885,96.32732013014885,94.64088091257338,92.03526664710213,92.03526664710213,92.03526664710213,92.03526664710213,92.03526664710213,92.03526664710213,92.03526664710213,92.03526664710213,92.03526664710213,92.03526664710213,92.03526664710213,92.03526664710213,92.03526664710213,90.4758860706282,90.4758860706282,90.4758860706282,90.4758860706282,90.4758860706282,90.4758860706282,90.4758860706282,90.4758860706282,90.4758860706282,90.4758860706282,90.4758860706282,89.7042035788701,89.64424091195644,89.64424091195644,89.64424091195644,89.64424091195644,89.64424091195644,89.64424091195644,89.64424091195644,89.64424091195644,89.64424091195644,89.64424091195644,89.64424091195644,89.64424091195644,89.64424091195644,89.64424091195644,89.64424091195644,89.64424091195644,89.0175620720785,89.0175620720785,89.0175620720785,89.0175620720785,89.0175620720785,89.0175620720785,89.0175620720785,89.0175620720785,89.0175620720785,89.0175620720785,89.0175620720785,88.79001334090856,88.79001334090856,87.85125220674686,87.85125220674686,87.85125220674686,87.55196303228098,86.83921320716544,86.83921320716544,86.83921320716544,86.83921320716544,85.83676413344838,85.83676413344838,85.83676413344838,85.83676413344838,85.83676413344838,85.83676413344838,85.83676413344838,85.83676413344838,85.83676413344838,85.83676413344838,85.83676413344838,85.83676413344838,85.83676413344838,85.50624991622308,85.50624991622308,85.50624991622308,84.64876366950764,84.64876366950764,84.64876366950764,84.64876366950764,84.64876366950764,84.64876366950764,84.64876366950764,84.64876366950764,84.64876366950764,84.52551381261054,84.52551381261054,84.44658677420873,84.13665882103376,84.13665882103376,84.13665882103376,84.13276019321148,83.7343232643585,83.7343232643585,83.7343232643585,83.7343232643585,83.7343232643585,83.72402878661356,83.60581638599984,83.57786276766245,83.23772775742174,83.23772775742174,82.99825674049288,82.99825674049288,82.96083615557984,82.96083615557984,82.96083615557984,82.96083615557984,82.90516189445864,82.88545554767606,82.81562755927317,82.72296640844743,82.63788326845696,82.63788326845696,82.63788326845696,82.62607066830992,82.59884037264891,82.5432756913612,82.42506873435039,82.42506873435039,82.40733460534602,82.33396124950559,82.30958584814547,82.22114114138245,82.22114114138245,82.22114114138245,82.20084847213735,82.16483316312042,82.15008389933789,82.13640648812503,82.0974761530444,82.0925338781428,82.07320766376677
GWO_modified,rastrigin,1.5774142742156982,"[4.99720442 4.99125844 2.01429518 6.98589647 4.00123698 5.00110103
 3.01072107 7.08923902 3.01523809 6.99183228 5.99444088 5.99282621
 5.99544103 4.88568214 7.98092426 5.94353763 4.00516177 1.98147737
 3.00950878 3.00546687 5.99679323 4.99743068 5.98521019 5.9981147
 4.01166333 3.00014267 4.00510329 5.00117658 5.99430724 1.85852307]","[4.88468477 4.94392482 2.20380992 7.03940597 4.06743497 5.02973168
 3.10918824 7.08809323 3.00351262 6.81359352 6.30866752 5.73109734
 6.01760556 4.89011855 7.98024197 5.94587916 4.0206449  1.9842222
 2.91431908 3.01803507 6.3402618  5.00999093 5.98619646 6.02647115
 4.0746292  3.02810268 4.34448333 5.27101858 6.31379005 1.86025142]",440.39938971075594,360.56934782500895,360.56934782500895,352.79001841595584,348.806507822997,348.806507822997,334.0869645834122,334.0869645834122,277.59002411648254,277.59002411648254,277.59002411648254,277.59002411648254,277.59002411648254,277.59002411648254,277.59002411648254,251.687702717083,251.687702717083,251.687702717083,251.687702717083,251.687702717083,251.687702717083,251.687702717083,251.687702717083,206.0121686365179,206.0121686365179,206.0121686365179,192.25793243470028,192.25793243470028,192.25793243470028,192.25793243470028,192.25793243470028,192.21296845013438,183.07403685171818,168.85912021048054,154.8242037153538,154.8242037153538,136.1427523985383,136.1427523985383,132.2621990339865,117.63828815970089,117.63828815970089,112.50687042417817,112.50687042417817,106.6056132044491,106.6056132044491,106.6056132044491,105.36796015758193,105.36796015758193,105.36796015758193,105.36796015758193,105.00854408043028,105.00854408043028,104.19101929142391,101.13413740351797,101.13413740351797,101.13413740351797,101.13413740351797,98.70741356364641,98.70741356364641,98.70741356364641,96.24432789052406,96.24432789052406,96.24432789052406,96.24432789052406,95.20967814816368,95.20967814816368,95.20967814816368,94.99229822386508,94.99229822386508,94.99229822386508,94.99229822386508,94.99229822386508,94.99229822386508,94.99229822386508,94.89274921859891,94.76482867297065,94.76482867297065,94.76482867297065,94.76482867297065,93.5799896402824,93.49106631577314,93.07571158269826,93.07571158269826,93.07571158269826,93.07571158269826,93.07571158269826,93.07571158269826,93.07571158269826,92.9916077536869,92.9916077536869,92.9916077536869,92.9916077536869,92.9916077536869,92.9916077536869,92.61303006856213,92.61303006856213,92.35382269755945,92.35382269755945,92.35382269755945,92.35382269755945,92.35382269755945,92.35382269755945,92.35382269755945,92.35382269755945,92.35382269755945,92.35382269755945,92.35382269755945,92.35382269755945,92.35382269755945,91.72996579715971,91.72996579715971,91.72996579715971,91.72996579715971,91.5305662031252,91.5305662031252,91.28656905029345,91.28656905029345,91.28656905029345,91.28656905029345,91.28656905029345,91.28656905029345,91.20359379433111,91.20359379433111,91.20359379433111,91.20359379433111,91.20359379433111,91.20359379433111,91.20359379433111,91.20359379433111,91.20359379433111,91.20359379433111,91.14460057231051,91.14460057231051,91.14460057231051,91.14460057231051,91.14460057231051,91.14460057231051,90.92994551206436,90.92994551206436,90.92994551206436,90.92994551206436,90.92994551206436,90.92994551206436,90.73183766136438,90.73183766136438,90.61966372135132,90.61966372135132,90.53062071002148,90.53062071002148,90.39913356778067,90.39913356778067,90.39913356778067,90.34359639628371,90.32336159196842,90.32336159196842,90.32336159196842,90.26504739982505,90.15679363896919,90.15679363896919,90.08504600432198,90.02476772278425,90.02476772278425,90.02476772278425,90.02476772278425,89.9363514056538,89.90890901605363,89.90890901605363,89.89523212524927,89.89523212524927,89.82035568140336,89.82035568140336,89.75772696103786,89.75772696103786,89.75375203586688,89.75375203586688,89.75375203586688,89.75375203586688,89.73195069166164,89.71007853658489,89.71007853658489,89.64471285859244,89.64471285859244,89.62548738691251,89.60191777156646,89.60191777156646,89.5615633415681,89.53957523894977,89.53957523894977,89.53957523894977,89.5227277292546,89.51629269750939,89.51422776026436,89.49438523688295,89.48626670663364,89.47004697527154,89.45805241219102,89.45220278619556,89.44820556289642,89.44254599702171,89.43987538323628
GWO_modified,rastrigin,1.5741639137268066,"[3.02764808 4.99435986 3.03213493 4.96966667 4.00500379 6.98904595
 3.01439709 5.99150888 3.8353053  4.00246048 3.87641991 3.03064846
 3.99981536 6.97824333 8.10523565 6.99929802 3.95375906 4.99193513
 3.1135797  2.9993325  4.99765189 4.97809074 5.00164287 5.02060581
 4.01146912 8.98196257 5.11820602 5.99531819 4.99778175 4.14730681]","[2.97186911 3.99025265 3.09874374 4.95802919 4.8763197  6.72811626
 2.76323356 7.08427991 3.78852226 3.24331293 3.88140809 3.02641321
 3.22154642 7.08169691 8.09604882 6.78607724 3.95386792 5.22287957
 3.10584921 3.30299726 4.66552263 4.91398216 4.72983318 5.18991752
 4.25704155 8.35395851 5.09778878 6.15229192 4.37922552 4.16523907]",440.2755182064993,345.083499991313,345.083499991313,345.083499991313,345.083499991313,338.0272776568497,338.0272776568497,332.7866170676431,332.7866170676431,311.01586541827317,311.01586541827317,289.50863606409547,289.50863606409547,289.50863606409547,283.16518689092214,283.16518689092214,277.805093859183,277.805093859183,277.805093859183,276.3799895337248,276.3799895337248,276.3799895337248,276.3799895337248,252.2481761651569,252.2481761651569,252.2481761651569,252.2481761651569,252.2481761651569,252.2481761651569,244.53457084522518,228.45891857514363,226.973846368018,189.94254208533675,173.79511946277768,173.79511946277768,164.01722040538968,153.78731673913197,149.30338352314777,149.30338352314777,149.30338352314777,147.27188655369986,147.27188655369986,147.27188655369986,147.27188655369986,147.27188655369986,147.27188655369986,147.27188655369986,147.27188655369986,147.27188655369986,147.27188655369986,147.20758640851932,139.68036067798846,139.68036067798846,139.68036067798846,139.68036067798846,130.67288476817401,130.67288476817401,130.67288476817401,130.67288476817401,121.8921220137729,121.8921220137729,121.8921220137729,121.8921220137729,121.8921220137729,121.8921220137729,121.8921220137729,121.8921220137729,121.8921220137729,121.8921220137729,121.8921220137729,121.8921220137729,121.8921220137729,121.8921220137729,121.8921220137729,121.8921220137729,121.8921220137729,121.8921220137729,121.8921220137729,121.8921220137729,121.8921220137729,121.8921220137729,121.8921220137729,121.8921220137729,121.8921220137729,121.8921220137729,121.8921220137729,121.8921220137729,117.54312020771255,117.54312020771255,116.99752414247786,116.99752414247786,116.99752414247786,116.99752414247786,116.99752414247786,116.99752414247786,116.99752414247786,116.99752414247786,114.89625111274833,114.89625111274833,112.97017226414937,112.97017226414937,112.97017226414937,112.97017226414937,112.97017226414937,112.97017226414937,112.97017226414937,112.97017226414937,112.49300722952265,112.49300722952265,112.49300722952265,107.56915370542023,107.56915370542023,107.56915370542023,107.56915370542023,106.58722941307718,106.58722941307718,106.58722941307718,105.28076197206389,105.28076197206389,105.28076197206389,103.08308555375814,103.08308555375814,103.08308555375814,103.08308555375814,103.08308555375814,102.61891754972117,102.47737366136846,102.47737366136846,102.47737366136846,101.21888717588683,101.21888717588683,101.21888717588683,101.21888717588683,99.81737843352502,99.81737843352502,99.07621258509326,99.07621258509326,99.07621258509326,99.07621258509326,99.07621258509326,99.07621258509326,99.07621258509326,99.06481733633339,99.01358835992255,99.01358835992255,99.01358835992255,99.01358835992255,97.63033368049446,97.63033368049446,97.63033368049446,97.63033368049446,97.63033368049446,97.63033368049446,96.30753963148425,96.30753963148425,96.30753963148425,96.30753963148425,96.30753963148425,96.30753963148425,96.13939672980825,96.13939672980825,96.13939672980825,95.57819865521554,95.57819865521554,95.57819865521554,94.77847334916228,94.66925828396523,94.66925828396523,94.66925828396523,94.31426063649553,94.16756013479119,94.08638884307146,94.08638884307146,94.08638884307146,94.08638884307146,93.47765204303752,93.47765204303752,93.42766407043396,93.42766407043396,93.41975161337848,93.41975161337848,93.24917386949753,93.06414303513816,93.02773371951233,92.95512378393667,92.60307201748299,92.3046977675319,92.3046977675319,92.27146991391754,92.11316784022418,91.9875495135096,91.92345930032627,91.83813914563166,91.80447042856309,91.75603134690147,91.64011760826565,91.54416161675064,91.52660366373243,91.46031992347719,91.44147286192444
GWO_modified,rastrigin,1.5359423160552979,"[4.97843257 4.99457297 4.03398481 6.99319097 5.00528121 5.98783285
 5.99071541 6.9853926  4.98472759 3.7983687  2.91072975 3.00864766
 4.07838593 3.01021419 6.00226839 4.04725845 3.01212382 4.00318188
 3.99862496 7.05484854 5.00447584 4.01219007 6.99199143 4.99461412
 3.95443256 5.99760847 4.00499341 4.24627222 5.00052661 5.82792572]","[4.98762383 4.2483164  4.00258061 6.95542132 5.10512686 5.96092538
 6.2113015  6.79551497 4.84529435 3.79950327 2.91417988 3.3290762
 4.08300121 3.69066292 7.11248173 4.03072842 2.90341735 3.09624476
 3.79703328 7.07960967 5.19396323 3.95386029 6.78656334 4.78221731
 3.9861605  5.78818237 4.45359235 4.33437731 5.40240477 5.85059982]",413.6371825571679,391.5347642200299,351.2619733683669,351.2619733683669,315.19646090425994,315.19646090425994,283.81024060521224,283.81024060521224,283.81024060521224,283.81024060521224,267.3139917852759,267.3139917852759,267.3139917852759,267.3139917852759,267.3139917852759,267.3139917852759,250.5744058758338,250.5744058758338,250.5744058758338,248.12432984626676,248.12432984626676,248.12432984626676,248.12432984626676,248.12432984626676,248.12432984626676,239.82830988379868,239.82830988379868,239.82830988379868,239.82830988379868,239.82830988379868,233.35588921830788,233.35588921830788,233.35588921830788,226.86615323534352,226.86615323534352,226.86615323534352,226.86615323534352,220.66416248004035,220.66416248004035,220.66416248004035,220.66416248004035,217.3682783614351,195.8635019774604,172.6145378797509,148.16565892336965,132.71880008588812,125.94219863355252,123.837886832218,111.1704924138885,107.50749975805184,105.87859942015069,105.87859942015069,105.87859942015069,95.55299665083444,95.55299665083444,95.55299665083444,95.55299665083444,95.55299665083444,95.55299665083444,95.55299665083444,95.55299665083444,95.55299665083444,95.55299665083444,95.55299665083444,95.55299665083444,95.55299665083444,95.55299665083444,95.55299665083444,95.55299665083444,95.55299665083444,95.55299665083444,95.55299665083444,95.55299665083444,95.55299665083444,95.55299665083444,90.5514094350755,90.5514094350755,90.5514094350755,90.5514094350755,90.5514094350755,90.5514094350755,90.5514094350755,90.5514094350755,90.5514094350755,90.5514094350755,90.5514094350755,90.5514094350755,90.5514094350755,90.5514094350755,90.5514094350755,90.5514094350755,90.5514094350755,90.5514094350755,90.5514094350755,87.98298759935153,87.98298759935153,87.98298759935153,87.98298759935153,87.98298759935153,87.98298759935153,87.98298759935153,87.98298759935153,87.98298759935153,87.98298759935153,87.98298759935153,87.98298759935153,87.47022125400963,87.47022125400963,87.47022125400963,87.47022125400963,87.47022125400963,87.47022125400963,86.09598038060301,84.7516236439775,84.7516236439775,84.7516236439775,84.7516236439775,84.7516236439775,84.5638128306015,84.5638128306015,84.5638128306015,82.93101900455272,82.93101900455272,82.93101900455272,82.93101900455272,82.93101900455272,82.93101900455272,82.51385335305929,82.51385335305929,82.47460842410453,82.47460842410453,82.47460842410453,82.47460842410453,82.47460842410453,82.47460842410453,82.47460842410453,81.67147869029941,81.67147869029941,81.67147869029941,81.67147869029941,81.67147869029941,81.67147869029941,81.18703930475527,81.01211831616945,81.01211831616945,81.01211831616945,80.4008190045771,80.4008190045771,80.21022762080094,80.09961014017108,79.69051015564312,79.69051015564312,79.69051015564312,79.69051015564312,79.69051015564312,79.28610561481256,78.69406841188805,78.69406841188805,78.69406841188805,78.69406841188805,78.69406841188805,78.58181887369491,78.58181887369491,78.58181887369491,78.58181887369491,78.58181887369491,77.9893410768218,77.9893410768218,77.9893410768218,77.9893410768218,77.9893410768218,77.51534459757187,77.27799724139868,77.27799724139868,77.00114210797108,77.00114210797108,76.45904477468494,76.44418498182154,76.28621062866031,76.07854854646109,75.87973246647582,75.7532382260689,75.56395209234432,75.55679768339405,75.4919595274003,75.00791567759626,74.98309644776327,74.89373436481102,74.86006556110044,74.69505564515237,74.53623379324173,74.40673737572752,74.24360452381208,74.1332549680262,73.97139634470787,73.85869653737353,73.79390650575971,73.69259120256191,73.6059543287692,73.57038243593266
GWO_modified,rastrigin,1.5647218227386475,"[5.99473893 5.94630992 4.97253302 4.02961361 5.03768388 6.99471957
 6.98961411 5.00064299 3.01009194 4.00996308 4.9993614  4.97411474
 4.00470027 2.96687248 5.00051575 5.99455357 4.99988043 7.02407203
 5.00100889 7.00110071 4.9920285  5.00033603 5.00026496 5.01638306
 4.98917947 4.99952448 5.99632052 5.99470437 4.00318566 5.99445035]","[5.88977169 5.9472383  4.96517092 4.03282422 5.03645101 7.01429092
 7.10643422 5.05479247 2.93400069 4.00012502 4.92957657 4.97477782
 3.98232321 2.96909716 5.10729188 6.05509188 4.96897836 7.02220663
 5.11421706 6.99694047 4.99378459 5.07633111 5.31942313 5.01012017
 4.97871906 5.08423149 5.98589983 6.14776613 4.00330698 5.9960038 ]",412.5590676396048,353.28549911475534,349.62188635403436,318.7847742143355,318.7847742143355,318.7847742143355,318.7847742143355,272.01138955894083,272.01138955894083,239.99787719284143,239.99787719284143,239.99787719284143,239.99787719284143,239.99787719284143,239.99787719284143,239.99787719284143,239.99787719284143,239.99787719284143,239.99787719284143,239.99787719284143,239.99787719284143,239.99787719284143,223.24804952627633,223.24804952627633,223.24804952627633,223.24804952627633,223.24804952627633,202.52796137567879,202.52796137567879,202.52796137567879,202.52796137567879,202.52796137567879,188.97016472956597,175.07125723595976,135.24597602344912,125.18216688928351,104.39366970669909,104.39366970669909,104.39366970669909,104.39366970669909,90.43651071236215,78.93815956489047,78.93815956489047,78.93815956489047,78.93815956489047,76.63074794691687,75.88549823049297,74.88160778242218,74.88160778242218,74.88160778242218,74.88160778242218,74.88160778242218,74.88160778242218,74.88160778242218,74.88160778242218,74.88160778242218,74.49500127808884,74.49500127808884,74.49500127808884,74.49500127808884,70.1186781913637,70.1186781913637,70.1186781913637,70.1186781913637,70.1186781913637,63.84157661598039,50.465694529624415,45.27514483269189,44.60187897111646,43.130543368682936,42.56091923046705,41.99800242155629,41.559298693126095,41.53740785719049,41.34455803249119,41.29134868343647,41.29134868343647,41.29134868343647,41.29134868343647,41.09752760846624,40.8174425643129,40.8174425643129,40.50982847551546,40.49755071107609,40.384329520824,40.32391274686938,40.32391274686938,40.24979234551074,39.983628684442635,39.983628684442635,39.619159508721225,39.443857837653525,38.638991061053844,38.40036781341155,38.18240243101292,38.04126674665196,37.37888669365259,37.31788149417622,37.31788149417622,37.31788149417622,37.31788149417622,37.044309487417536,37.044309487417536,37.044309487417536,37.044309487417536,37.044309487417536,37.044309487417536,37.044309487417536,37.044309487417536,36.89558669023796,36.89558669023796,36.89558669023796,36.89558669023796,36.89558669023796,36.86863873186866,36.86863873186866,36.86863873186866,36.861791838947056,36.82296740717766,36.82296740717766,36.82046433667256,36.82046433667256,36.82046433667256,36.81991505204536,36.81991505204536,36.81991505204536,36.81991505204536,36.79760907065264,36.71278922607661,36.654731420049245,36.654731420049245,36.64113229924118,36.633629730611915,36.633629730611915,36.57276452213739,36.457441582850436,36.419734726448326,36.353810342365875,36.353810342365875,36.24899044659901,36.24899044659901,36.24899044659901,36.198831239588515,36.178949372940224,36.111315699154545,36.06939746861423,35.97841170223654,35.91373943666258,35.91373943666258,35.91373943666258,35.91373943666258,35.88729051271582,35.88729051271582,35.86671463341577,35.86671463341577,35.86671463341577,35.86671463341577,35.84486587209045,35.84486587209045,35.84486587209045,35.84486587209045,35.84486587209045,35.831625967628554,35.831625967628554,35.82457502865964,35.82457502865964,35.82457502865964,35.82457502865964,35.82457502865964,35.82309226604082,35.82232501155033,35.81790922979883,35.80447307046671,35.80447307046671,35.79117032940752,35.779809426090935,35.779809426090935,35.779809426090935,35.772039683200546,35.76880964102679,35.75586292011582,35.750974413799554,35.750974413799554,35.7489949229888,35.740770567264235,35.73523428413529,35.7325380940739,35.7325380940739,35.728742575599995,35.72369037532576,35.719662305180236,35.71769826375993,35.7160365111157,35.70945082388528,35.70823325345998,35.7051793625983,35.70455203099789,35.70212996695119,35.70123661140315,35.70015744356925
GWO_modified,rastrigin,1.552889347076416,"[3.01607491 5.99861021 5.00002748 3.99432359 5.00165488 3.97577108
 4.99796166 4.9869463  4.99415524 4.96875539 6.99298335 6.01265401
 2.99672481 6.00660087 5.01008781 5.11024445 5.99573189 4.99980054
 4.05604382 4.05545498 5.98056003 1.07268766 6.99261101 3.03431873
 5.04668088 7.96303422 6.00161994 3.95926965 5.99605228 4.98512229]","[3.01444624 6.03739042 5.040841   3.99091502 4.99964217 3.9675406
 4.98354387 4.97629465 4.9886182  4.97485206 6.98799802 6.00564649
 2.99906164 6.01583996 5.02607339 5.11617052 6.12680691 4.99932311
 4.05417857 4.06090472 5.97034124 1.06834503 6.98958012 3.0281032
 5.04557059 7.96645844 6.00675652 3.95945985 5.87917887 4.9585353 ]",409.5935115342288,384.64332911981546,317.61206170387544,317.61206170387544,317.61206170387544,298.0504610319456,298.0504610319456,298.0504610319456,298.0504610319456,298.0504610319456,230.46023635918345,230.46023635918345,230.46023635918345,230.46023635918345,230.46023635918345,230.46023635918345,230.46023635918345,230.46023635918345,230.46023635918345,198.22028640128883,192.698230664481,165.87313301051918,162.1607438877419,153.0312708143781,144.18505174533567,144.18505174533567,136.86952401388288,118.71927272561084,113.66950225388055,97.59745641251686,97.59745641251686,95.96388495530161,95.96388495530161,95.96388495530161,95.96388495530161,93.24552343122991,93.24552343122991,93.24552343122991,93.24552343122991,93.24552343122991,93.24552343122991,93.24552343122991,93.24552343122991,93.24552343122991,91.89056812837251,91.89056812837251,86.10445608200652,86.10445608200652,86.10445608200652,86.10445608200652,86.10445608200652,86.10445608200652,86.10445608200652,86.10445608200652,86.10445608200652,86.10445608200652,86.10445608200652,86.10445608200652,86.10445608200652,86.10445608200652,86.10445608200652,86.10445608200652,83.97737326392564,83.97737326392564,83.97737326392564,83.97737326392564,83.97737326392564,83.97737326392564,83.97737326392564,83.97737326392564,83.97737326392564,83.97737326392564,83.97737326392564,82.6058658406146,82.6058658406146,81.17644392785112,81.0674195612784,79.39322256467767,79.39322256467767,79.39322256467767,79.39322256467767,79.23329848513882,79.23329848513882,79.23329848513882,79.23329848513882,79.23329848513882,76.4313783563191,76.4313783563191,76.4313783563191,73.20833221455291,73.20833221455291,73.20833221455291,73.20833221455291,73.20833221455291,73.20833221455291,73.20833221455291,73.20833221455291,73.20833221455291,73.20833221455291,73.20833221455291,73.20833221455291,73.20833221455291,73.20833221455291,73.20833221455291,73.20833221455291,73.20833221455291,73.20833221455291,73.20833221455291,73.20833221455291,73.20833221455291,73.20833221455291,73.20833221455291,73.20833221455291,73.20833221455291,73.20833221455291,73.00634760952994,72.90653523715645,72.16874183027957,71.78627178831991,71.78627178831991,71.78627178831991,71.78627178831991,71.78627178831991,71.78627178831991,71.78627178831991,71.09495921948246,71.09495921948246,71.09495921948246,71.09495921948246,71.09495921948246,71.09495921948246,71.09495921948246,71.09495921948246,71.09495921948246,71.09495921948246,71.09495921948246,71.09495921948246,70.24688786060153,70.24688786060153,70.24688786060153,70.24688786060153,70.24688786060153,70.24688786060153,69.93341394819731,69.83066058999569,69.83066058999569,69.83066058999569,69.83066058999569,69.83066058999569,69.64004451813452,68.91819200315811,68.91819200315811,67.71764868049868,66.6144141581695,65.90942810340269,65.69850807685276,65.52381906758609,65.18413602040249,64.93686595426058,64.82336046069395,64.68019969542547,64.57085098620286,64.48002955344646,64.34127643094149,64.2225790015107,64.15571387919306,64.04142903580876,63.88844721404976,63.79024872182248,63.63558759452198,63.48461948193503,63.32229484602823,63.2403230353091,63.07392093570769,63.007297083062525,62.88872817369227,62.7873230003884,62.70904765286329,62.64117527469796,62.58325487775937,62.5435301798972,62.5054503698569,62.48841572605235,62.46114536019627,62.450614693421386,62.434207078438675,62.421497250697456,62.40809895358217,62.39010813871627,62.376849837982775,62.359956963657964,62.34971016039822,62.33955459852666,62.32345121830343,62.31919345068252,62.315377761900635,62.307320006645114,62.30493004583326,62.30039079521626,62.2980584098963
GWO_modified,rastrigin,1.552274227142334,"[4.99793896 6.9562606  5.02688103 3.99838855 6.98275817 4.99951303
 4.08900313 6.01651149 4.99111075 4.99955919 5.00044935 3.00973479
 6.99729675 6.00267561 5.99314123 5.99435062 6.94349926 3.14682713
 5.03894051 5.99519643 6.01988283 3.97196164 3.01020195 5.00050313
 6.98968821 3.01051616 2.98812197 6.0053854  4.00421036 5.99496332]","[4.90249515 6.95759852 5.03873697 3.97540996 6.98299301 5.10516735
 4.08842125 6.01717504 4.99537873 4.88503876 4.90506356 2.93762177
 6.99345176 5.99911233 6.00951628 5.89192333 6.94535311 3.14681398
 5.0404687  5.87909152 6.01509035 3.97260608 3.13093295 5.04970347
 6.71129012 2.95728446 2.98887088 6.0025358  4.10440523 6.08121468]",409.6862991229127,388.77583635450384,307.40862382168814,307.40862382168814,307.40862382168814,306.5161615153605,306.5161615153605,298.6408124187656,298.6408124187656,298.6408124187656,282.00380392216954,282.00380392216954,282.00380392216954,273.8521801054432,273.8521801054432,273.8521801054432,253.63814793940585,253.63814793940585,253.63814793940585,249.86307192142732,249.86307192142732,249.86307192142732,249.86307192142732,214.25031467825994,214.25031467825994,214.25031467825994,214.25031467825994,214.25031467825994,214.25031467825994,214.25031467825994,181.96939313783903,177.14639496439273,158.4021487516891,134.92761805815059,121.11820035857355,119.4110252272807,117.61732482432112,117.61732482432112,113.97956994540635,107.55062129673573,107.55062129673573,107.55062129673573,104.23124464040183,104.23124464040183,104.23124464040183,104.23124464040183,104.23124464040183,104.23124464040183,104.23124464040183,97.39485590778835,97.39485590778835,97.39485590778835,94.66174924389986,94.66174924389986,94.66174924389986,94.66174924389986,94.66174924389986,94.66174924389986,94.66174924389986,94.66174924389986,94.66174924389986,94.66174924389986,94.66174924389986,93.8815240836123,93.8815240836123,90.63379777809291,90.63379777809291,90.63379777809291,90.63379777809291,90.63379777809291,79.83660784700183,79.83660784700183,75.21366889679553,73.4234759688851,71.24934191386916,70.90454163267486,70.28755450171772,70.12215953816877,69.79884127994168,69.48008094691218,69.15169865990978,68.79739616658318,68.52173275769997,68.38724898365905,68.10995415717775,67.89059858639774,67.7634452113434,67.29371845576514,67.09414407016146,67.09414407016146,67.09414407016146,66.717057933402,66.717057933402,66.67703739568543,66.57848128814018,66.34277731768424,65.97382112097458,65.78954996166013,65.15024541627409,65.07610548033063,64.62127568554914,64.62127568554914,64.21940855557722,63.89472989404379,63.8937726548842,63.836475645690314,63.75768341532307,63.73781546065888,63.70433240021973,63.59635221835569,63.57072451703948,63.45532446992573,63.45532446992573,63.213074344443385,63.213074344443385,63.213074344443385,63.213074344443385,63.12980955848107,63.12980955848107,63.01899186666708,62.69042248183456,62.69042248183456,62.614075518931344,62.614075518931344,62.48488993492873,62.39736406767162,62.30921067091214,62.107933130098985,61.95152709149431,61.89271045860943,61.64960681796174,61.225001885225964,61.17489212574017,60.83108030169984,60.611571221049786,60.354221184671616,60.18524148425507,59.917124576679896,59.74785224008204,59.28914099677459,58.94901713691809,58.938052435340154,58.76748761874563,58.709044794267186,58.586584119836175,58.586584119836175,58.553903262485505,58.485742252849576,58.47853035973958,58.45143554464224,58.420588363330836,58.40256170330119,58.40256170330119,58.40256170330119,58.40256170330119,58.40077251350746,58.40077251350746,58.392060903573736,58.3903772876202,58.35522944534739,58.35522944534739,58.35522944534739,58.34854497336423,58.31278878252081,58.31278878252081,58.31278878252081,58.31278878252081,58.30249738916035,58.30249738916035,58.30249738916035,58.30249738916035,58.30249738916035,58.29785541533391,58.293393698872336,58.293393698872336,58.28590320767191,58.28590320767191,58.27160534927148,58.27160534927148,58.27160534927148,58.27160534927148,58.27160534927148,58.26947893072193,58.26483871692608,58.26452676700035,58.25421553904309,58.25421553904309,58.237233977266015,58.237233977266015,58.23539564196366,58.23201172058623,58.22838424053782,58.22526758798401,58.219873602355335,58.21540775693731,58.21331386722724,58.21112732837352,58.20944768900435,58.20752319694313,58.206529719835544
GWO_modified,rastrigin,1.574871301651001,"[3.04669878 5.00187071 3.03923595 5.92353    6.99250746 4.00259572
 4.00460747 7.98258561 3.06336938 7.94577736 7.98501702 4.0073477
 4.09570613 3.88927747 5.99523768 4.00548515 4.00376882 6.02576283
 5.24936134 4.01920848 4.9990282  4.23820205 4.00575391 5.99442902
 4.02971662 5.00145835 5.99422642 4.0050322  3.00938372 4.00316172]","[3.05448713 5.0791274  3.02785037 5.93067506 6.92346508 3.3208539
 4.14628323 7.7822242  3.06271259 7.94713022 8.13641061 3.88623364
 4.09341064 3.89051001 5.770731   4.42574736 4.10000729 6.03061051
 5.24920382 4.02075318 4.79180863 4.23986428 3.8228832  6.16691703
 4.02399001 5.1193285  6.25848639 3.84820916 2.89858055 3.93615234]",466.3376123490088,384.4349187111656,384.4349187111656,350.77384639709913,310.1162398888572,310.1162398888572,310.1162398888572,310.1162398888572,310.1162398888572,310.1162398888572,301.0970291198633,301.0970291198633,301.0970291198633,301.0970291198633,301.0970291198633,301.0970291198633,296.94862978659904,296.94862978659904,270.1685829541075,270.1685829541075,270.1685829541075,263.3193379136393,263.3193379136393,263.3193379136393,263.3193379136393,231.15571998598205,231.15571998598205,231.15571998598205,231.15571998598205,231.15571998598205,231.15571998598205,231.15571998598205,231.15571998598205,209.38791195304393,209.38791195304393,209.38791195304393,209.38791195304393,209.38791195304393,204.91560692718997,204.91560692718997,204.91560692718997,204.91560692718997,201.95765805899265,194.53845980623976,194.53845980623976,194.53845980623976,186.51938856318003,186.51938856318003,173.43945467080715,156.95153647506382,136.7571742036112,133.90230247797155,123.42535367178354,123.42535367178354,119.59263506388547,115.45286016242545,115.45286016242545,115.45286016242545,115.45286016242545,113.97949053821952,113.97949053821952,112.77356110140502,112.68976257921142,110.96210330242161,110.9198648146793,108.7219297240679,108.67495231598733,107.5881269255409,107.48435204841115,107.48435204841115,107.48435204841115,107.48435204841115,107.48435204841115,107.3453956259882,107.3453956259882,107.3453956259882,107.3453956259882,107.3453956259882,106.58262152448071,106.58262152448071,106.58262152448071,106.58262152448071,106.58262152448071,105.7081551459826,105.06052875239783,105.06052875239783,103.96803909602099,103.61683857427482,103.1776381337238,103.01537467659062,102.32719411699367,102.32719411699367,102.28635460999138,101.30953859667386,101.30953859667386,101.30953859667386,99.1382585917695,99.1382585917695,99.1382585917695,98.02783836782669,97.52893329600343,97.36929251711433,97.17740920301023,97.17740920301023,95.88970174105171,95.88970174105171,94.9330914425349,94.9330914425349,94.9330914425349,94.24133072531319,93.37886495485287,93.37886495485287,93.37886495485287,93.37886495485287,93.20001402184744,92.85868566460198,92.78420543549049,92.70566202506114,92.47681968489212,92.42456888564078,92.42456888564078,92.23345600160428,92.23345600160428,92.18921795571879,91.76936060713939,91.76936060713939,91.76936060713939,91.76936060713939,91.76936060713939,91.76936060713939,91.76936060713939,91.76936060713939,91.76936060713939,91.76936060713939,91.44945500041624,91.44945500041624,91.44945500041624,91.35765125876583,91.35765125876583,91.35765125876583,91.15809191720143,91.15809191720143,91.15809191720143,91.15809191720143,91.15809191720143,91.15809191720143,91.15809191720143,91.15809191720143,91.15809191720143,91.15809191720143,91.15809191720143,91.15809191720143,91.15809191720143,91.15809191720143,91.08534943932625,91.08534943932625,91.08429670314803,91.08381587844542,91.08381587844542,91.06739910439256,90.99078501567712,90.99078501567712,90.96084817525659,90.806629180913,90.806629180913,90.806629180913,90.71457049927443,90.71457049927443,90.71457049927443,90.59691603185044,90.59691603185044,90.59691603185044,90.59691603185044,90.57753599917726,90.57347617261763,90.57347617261763,90.48030593376009,90.48030593376009,90.48030593376009,90.45681879039788,90.45681879039788,90.45681879039788,90.45681879039788,90.4311080392616,90.41655336672054,90.39825606386299,90.38446036864153,90.38446036864153,90.37961265699249,90.35813328321316,90.35703631007553,90.33569719686167,90.33569719686167,90.33461916957054,90.32451967276299,90.32258334653059,90.31700597370826,90.31258060742576,90.30776948491078,90.30500237594495
GWO_modified,rastrigin,1.5936768054962158,"[6.16944494 4.00387391 6.88810355 5.09143574 5.9972377  2.01304162
 6.98365436 4.9849865  4.01059911 4.99649277 4.00857757 4.92018866
 4.86579315 2.01585572 3.09679257 5.00152485 3.01075353 6.99618434
 8.98314438 5.9922498  6.0002749  5.99545472 4.00646527 3.98604531
 4.00346449 3.95596568 5.99195838 1.02819132 6.02681248 3.10180826]","[6.16567236 4.45984224 6.90486162 5.07108907 6.23084385 2.17753771
 6.79761665 5.02469228 3.74070161 4.86209533 3.89291768 4.94018984
 4.83030233 1.67698689 3.05620898 4.66978411 2.60443086 6.88340049
 8.04808822 6.80911044 5.19396977 5.85078711 4.10799921 3.99612841
 2.9607214  3.9085333  5.67282469 1.22433813 6.01798446 3.13692054]",448.352253773378,395.7487414701571,370.574221687901,370.574221687901,357.4247201571728,357.4247201571728,357.4247201571728,354.938474841034,354.938474841034,353.56482858879605,353.56482858879605,299.89597311719785,299.89597311719785,299.89597311719785,299.89597311719785,299.89597311719785,295.2991693947539,295.2991693947539,264.63960397291225,264.63960397291225,264.63960397291225,264.63960397291225,254.3883823219057,254.3883823219057,254.3883823219057,219.63879761838763,219.63879761838763,219.63879761838763,219.63879761838763,219.63879761838763,208.22752046407297,208.22752046407297,208.22752046407297,208.22752046407297,208.22752046407297,188.6372941373893,188.6372941373893,188.6372941373893,172.74416522445262,165.89053861169268,160.50269411461184,160.50269411461184,160.50269411461184,159.23923871671727,159.23923871671727,159.23923871671727,151.09910356430186,151.09910356430186,150.43943582699623,145.950535203862,139.9393720721595,139.9393720721595,139.9393720721595,137.9875711028877,137.9875711028877,137.9875711028877,137.9875711028877,137.9875711028877,137.9875711028877,137.9875711028877,137.9875711028877,137.9875711028877,137.9875711028877,122.60152115471917,122.60152115471917,122.60152115471917,122.60152115471917,122.60152115471917,122.60152115471917,122.60152115471917,122.60152115471917,122.3265987341185,122.3265987341185,122.3265987341185,122.3265987341185,122.3265987341185,120.32991847210977,120.32991847210977,120.32991847210977,120.32991847210977,120.32991847210977,120.32991847210977,120.32991847210977,120.32991847210977,120.32991847210977,120.32991847210977,120.32991847210977,120.32991847210977,120.32991847210977,120.32991847210977,120.32991847210977,120.32991847210977,120.32991847210977,120.32991847210977,120.32991847210977,120.32991847210977,120.32991847210977,120.32991847210977,120.32991847210977,120.32991847210977,120.32991847210977,118.20763901920483,118.20763901920483,118.20763901920483,118.20763901920483,118.20763901920483,118.20763901920483,118.20763901920483,118.20763901920483,118.20763901920483,118.20763901920483,118.20763901920483,118.20763901920483,117.62745264053916,116.87047402733953,116.87047402733953,114.60862319529616,114.60862319529616,114.60862319529616,114.23515028958676,113.76591383377175,113.76591383377175,113.28526432379232,113.28526432379232,113.28526432379232,113.28526432379232,113.28526432379232,113.28526432379232,113.28526432379232,113.28526432379232,113.28526432379232,113.15275936403208,113.15275936403208,113.15275936403208,113.15275936403208,113.15275936403208,113.15275936403208,113.15275936403208,113.15275936403208,111.35455628535652,111.35455628535652,111.35455628535652,111.35455628535652,111.35455628535652,111.35455628535652,111.35455628535652,111.35455628535652,110.94250142932205,110.94250142932205,110.94250142932205,110.94250142932205,110.86445678925656,110.86445678925656,110.86445678925656,110.86445678925656,109.88939131028755,109.88939131028755,109.88939131028755,109.48905141018119,109.47670582714323,109.42877797497212,109.42877797497212,109.42877797497212,109.20544975221426,108.5438262415729,108.08678565810905,108.08678565810905,107.17140497941355,107.17140497941355,107.17140497941355,107.17140497941355,107.17140497941355,106.62669640479194,106.62669640479194,106.62669640479194,106.62669640479194,106.62669640479194,106.62669640479194,106.50226869086117,106.50217614475608,106.50217614475608,106.1503066276685,105.93323771628695,105.93323771628695,105.93323771628695,105.84156581950879,105.75884043572682,105.50789895405111,105.50789895405111,105.50789895405111,105.50789895405111,105.50789895405111,105.49144482898882,105.38696597366965,105.3318789118753,105.28956310106815,105.21795236005602,105.1917792063571,105.15156149570302,105.1383950855828
GWO_modified,rastrigin,1.5134055614471436,"[3.9980577  3.97693018 6.99229709 4.01421635 6.99167937 5.00185148
 5.99017507 5.99712448 6.98826008 3.00220793 4.99949997 3.02740922
 5.05509846 4.99063872 3.9208974  4.00374807 4.99937834 5.00553512
 6.1331525  6.94704001 6.98338951 7.00937932 3.03481032 5.99447481
 5.99857032 5.99625783 5.00011593 5.99825531 3.03484773 4.05370091]","[3.99448491 3.97617921 6.81890753 4.02206814 7.07661991 5.18869236
 6.05059174 6.16827073 7.10137088 3.0039378  4.92240842 3.03343209
 5.05496527 5.00016099 3.9210119  4.11124771 5.15777609 5.0043608
 6.13259191 6.94723968 6.98164096 7.00947837 3.03460058 6.14853781
 6.03212363 5.95882418 5.07311007 6.12181762 3.03262616 4.12600765]",431.826688098716,363.6731874916958,325.6230437502107,325.6230437502107,209.7547221721091,209.7547221721091,209.7547221721091,209.7547221721091,209.7547221721091,209.7547221721091,209.7547221721091,209.7547221721091,209.7547221721091,209.7547221721091,201.47453887546254,201.47453887546254,201.47453887546254,201.47453887546254,201.47453887546254,201.47453887546254,201.47453887546254,192.88829360193668,192.88829360193668,192.88829360193668,192.88829360193668,192.88829360193668,185.57940679239496,183.48975805858896,151.2268356147644,151.2268356147644,140.67432178582882,139.20411813553136,136.9708300998691,126.24767633844999,121.39448654600258,121.39448654600258,108.75951586980668,108.75951586980668,100.23570626509644,100.23570626509644,93.62215346899373,93.62215346899373,93.62215346899373,93.62215346899373,92.80224152508214,87.15408126767579,85.46955764841292,84.38376449448467,82.54043433738335,81.31543077408466,80.07824956025308,78.33572725088476,77.15839284337324,74.87143888181566,74.2264585749582,73.47338171838658,72.76056963659624,72.15750628279363,71.21611395301287,71.00949334221309,70.19861069692502,70.19861069692502,69.39402482165306,69.39402482165306,69.39402482165306,68.84316239803456,68.2118373602504,67.07716824184689,66.11729049149915,65.15528451084253,65.15528451084253,65.15528451084253,64.95327697825624,64.95327697825624,64.85265113878145,64.85265113878145,64.76099042788854,64.76099042788854,64.70555221649968,64.70555221649968,64.70555221649968,63.670806406163365,63.670806406163365,63.670806406163365,63.580333853335986,63.580333853335986,63.490621174219,63.490621174219,63.2627927608155,62.780316621982394,62.51030677757112,62.51030677757112,62.51030677757112,62.51030677757112,62.51030677757112,62.51030677757112,62.51030677757112,62.367349985346095,62.367349985346095,62.336138763676416,62.33241704535493,62.33241704535493,62.311857248496466,62.311857248496466,62.311857248496466,62.20793299964268,62.10099580528649,62.10099580528649,62.10099580528649,62.10099580528649,62.10099580528649,62.10099580528649,62.10099580528649,62.10099580528649,62.10099580528649,62.10099580528649,62.10099580528649,62.100448495616604,62.100448495616604,62.100448495616604,62.100448495616604,62.08573549577295,62.05865048202506,62.05865048202506,62.05865048202506,62.03253052273848,62.03253052273848,62.03253052273848,62.03253052273848,62.03253052273848,62.03253052273848,62.03253052273848,61.96648397637449,61.96648397637449,61.96648397637449,61.96648397637449,61.96648397637449,61.96648397637449,61.96648397637449,61.96648397637449,61.95743152253709,61.95743152253709,61.92190626301797,61.91429805765159,61.91429805765159,61.91429805765159,61.91429805765159,61.891112868320675,61.874383170687395,61.80851334118947,61.80851334118947,61.80851334118947,61.76820074410617,61.76820074410617,61.67735330145487,61.67735330145487,61.67735330145487,61.67735330145487,61.670298161759604,61.6484947198544,61.6484947198544,61.613805638708385,61.59049936506858,61.584387818922494,61.567913980453454,61.54252973054892,61.530596501027276,61.479713963828914,61.3692653272752,61.36036729633625,61.329938069349794,61.27778891470206,61.20065468113614,61.08778622883352,61.04453900064618,60.99065981643457,60.898323472530194,60.82234516501816,60.7560569196431,60.751356016363104,60.677688621832374,60.631008893753204,60.50834182831153,60.437484409368494,60.373026506140775,60.328610308439494,60.24559776532266,60.161334199405644,60.100301646518915,60.06209982603875,59.97763586031522,59.9625406990757,59.92363208589106,59.89360910312857,59.8400399714815,59.811828149534335,59.786931738099355,59.76178463180537,59.74785907175789,59.73850382702403
GWO_modified,rastrigin,1.5419442653656006,"[7.04683303 6.04321663 5.00027884 4.99166917 5.02678283 6.98995287
 4.00633915 7.98598895 6.98744295 6.99072517 2.95565402 4.00470635
 5.0003513  4.00428069 3.02382933 3.01179465 3.00168982 3.01066325
 5.99539149 3.04364481 6.99035197 5.03909079 5.99488893 4.01088576
 5.00188508 4.00336272 5.99676294 2.01718796 4.00509882 4.00574206]","[7.04686374 6.04412686 5.1523455  4.91684019 5.02715802 6.87424054
 4.05394184 7.93368814 6.93729748 6.85360332 2.94447635 3.89653381
 5.05851605 3.94761756 3.01402673 2.97014811 3.00270644 3.00004861
 5.98492018 3.04480482 6.89507167 5.05750825 5.87145842 4.01633136
 5.06820893 3.91582364 5.98231491 2.13542944 4.14885336 3.8723264 ]",443.2424382589768,395.0628039621934,395.0628039621934,334.84866246234554,334.84866246234554,334.84866246234554,292.46391155951574,292.46391155951574,292.46391155951574,292.46391155951574,292.46391155951574,263.95398372261917,263.95398372261917,263.95398372261917,216.24430198429252,216.24430198429252,216.24430198429252,216.24430198429252,216.24430198429252,216.24430198429252,216.24430198429252,216.24430198429252,205.73834956295656,205.73834956295656,205.73834956295656,205.73834956295656,205.73834956295656,205.73834956295656,205.73834956295656,196.53330848103775,177.20026259702416,163.73735527534848,129.70534659368082,129.70534659368082,129.70534659368082,127.25223946321034,127.25223946321034,127.25223946321034,124.1503061110194,124.1503061110194,122.46314911464259,116.74693315409519,116.74693315409519,116.74693315409519,111.69699562522732,111.69699562522732,111.69699562522732,111.69699562522732,111.69699562522732,109.44578651402716,106.51568702348845,106.51568702348845,103.60864640053475,103.60864640053475,99.19235030769627,93.79833216555255,92.13183912260217,88.5893140088167,87.33485073639676,84.47809356187994,83.10398179043236,81.22222778748628,80.39988869380014,79.5167667613483,78.51659114586747,78.50672434983605,78.50672434983605,78.1123218713877,78.1123218713877,78.02448547452838,77.9357684585863,77.9357684585863,77.54767661882335,77.54767661882335,77.54767661882335,77.52794393813076,77.30613944904152,77.30613944904152,77.30613944904152,77.30613944904152,77.30613944904152,77.30613944904152,77.30613944904152,77.30613944904152,77.30613944904152,77.30613944904152,77.30613944904152,77.30613944904152,77.30613944904152,77.28091874540237,77.28091874540237,77.28091874540237,77.23759024215906,77.23759024215906,77.23759024215906,77.23759024215906,77.13247359782116,77.13247359782116,77.13247359782116,77.13247359782116,77.13247359782116,77.13247359782116,77.13247359782116,77.13247359782116,77.13247359782116,77.13247359782116,77.13247359782116,77.13247359782116,77.13247359782116,77.13247359782116,77.13247359782116,77.08114108418354,77.08114108418354,77.08114108418354,77.08114108418354,77.08114108418354,77.08114108418354,77.08114108418354,77.08114108418354,77.08114108418354,77.08114108418354,77.08114108418354,77.06706358343416,77.06706358343416,76.9405411368239,76.9405411368239,76.9405411368239,76.9405411368239,76.88439644352465,76.88439644352465,76.88439644352465,76.82812467148875,76.81348985873672,76.80359368095296,76.78933078964991,76.75517706698983,76.72339693165034,76.70701612900922,76.64313645471012,76.64313645471012,76.64313645471012,76.62713996770549,76.62713996770549,76.62713996770549,76.59790799159313,76.57585650309096,76.5625761850844,76.5625761850844,76.55527283213914,76.54799230031375,76.54799230031375,76.51223485548701,76.49239783392719,76.49239783392719,76.49239783392719,76.47617175448914,76.47527709398719,76.41529394708499,76.40485279302266,76.35968827863618,76.35968827863618,76.31080727973895,76.24945950660887,76.24241272479208,76.24241272479208,76.22593735082393,76.193097683459,76.18020967365368,76.05611494724997,76.03955249886303,76.0032925756322,75.94765716240872,75.93746660818067,75.7945438367772,75.7945438367772,75.72504244706545,75.6784276296905,75.6564938784752,75.62169000844565,75.58952581034208,75.54659785693318,75.49306998859547,75.42930021920091,75.41036028184666,75.34149657487706,75.29923574580923,75.26678451330872,75.23165891329606,75.21991474261048,75.17613907338887,75.16399525906078,75.13864048576707,75.12121334568229,75.11021526920098,75.0962967717895,75.08530998735887,75.0718065404487,75.06591229862207,75.06309818935904,75.05860262997913
GWO_modified,rastrigin,1.5770220756530762,"[5.95192318 3.01601204 5.00820174 2.00572681 5.01274567 4.00608792
 3.94902743 5.99505646 4.93501827 3.90089369 5.02288692 5.00121258
 4.0110375  6.01770785 7.98300409 3.02761386 4.9996518  4.14108766
 5.99452866 4.99764293 2.00395519 4.00416207 3.99067282 5.00226589
 3.99740057 3.05430318 4.99655042 6.08899935 5.99672206 4.99943926]","[5.95111396 3.01206975 5.00357041 1.99915039 5.01459973 4.18577645
 3.94964909 5.89183174 4.93444856 3.90283637 5.04522129 5.33380248
 4.03018138 6.01743628 7.94201753 3.01333079 4.00932426 4.14069858
 5.84600379 4.92114952 2.018794   3.89670718 3.99147132 4.83202766
 4.02719654 3.05400345 5.07137741 6.08451145 5.75989743 4.84598995]",435.84347846018966,399.61112999433465,310.30638675839754,310.30638675839754,310.30638675839754,297.4803074818204,297.4803074818204,297.4803074818204,297.4803074818204,243.49186329408613,243.49186329408613,243.49186329408613,243.49186329408613,243.49186329408613,243.49186329408613,243.49186329408613,243.49186329408613,243.49186329408613,241.06192792720535,241.06192792720535,241.06192792720535,241.06192792720535,213.64897703100615,213.64897703100615,213.64897703100615,213.64897703100615,213.64897703100615,213.64897703100615,213.64897703100615,208.95970323205773,171.8476029958866,150.55355278979448,143.69842470091407,139.954351221879,116.85987015683696,116.85987015683696,116.85987015683696,114.89024888038034,114.89024888038034,114.89024888038034,114.89024888038034,113.94613050020462,113.94613050020462,113.94613050020462,113.94613050020462,110.00218673058123,98.01538590981974,90.63753592302749,77.13581616935397,76.21279984338443,75.20126157572852,75.20126157572852,73.57783611569951,73.57783611569951,73.57783611569951,72.85843623212943,71.55401389964567,71.54828317864423,70.71958778429763,70.54088860245969,70.54088860245969,70.54088860245969,70.54088860245969,69.6497405183907,69.27092968460707,68.60092514063737,65.08985731551832,65.06366818503136,65.06366818503136,65.06366818503136,65.06366818503136,65.06366818503136,65.06366818503136,65.02071835540767,65.02071835540767,65.02071835540767,65.02071835540767,65.02071835540767,65.02071835540767,64.92752783953574,64.92752783953574,64.92752783953574,64.92752783953574,64.92752783953574,64.85303278631633,64.85303278631633,64.47365134179057,64.47365134179057,64.47365134179057,64.47365134179057,64.32195721042203,64.32195721042203,63.960652103632924,63.960652103632924,63.960652103632924,63.960652103632924,63.960652103632924,63.960652103632924,63.62518117700358,63.62518117700358,63.622700101201474,63.622700101201474,63.622700101201474,63.622700101201474,63.622700101201474,63.622700101201474,63.622700101201474,63.622700101201474,63.622700101201474,63.622700101201474,63.622700101201474,63.622700101201474,63.622700101201474,63.622700101201474,63.622700101201474,63.35932465100689,63.35932465100689,63.35932465100689,63.35932465100689,63.35932465100689,63.35932465100689,63.35932465100689,63.31522158913097,63.31522158913097,63.31522158913097,63.31522158913097,63.31522158913097,63.27825411983656,63.27825411983656,63.276503240950746,63.276503240950746,63.276503240950746,63.179265857391755,63.179265857391755,63.179265857391755,63.179265857391755,63.179265857391755,63.179265857391755,63.04535545973803,63.04535545973803,63.04535545973803,63.04535545973803,63.04535545973803,63.04535545973803,63.01437317816459,63.01437317816459,63.01437317816459,63.01437317816459,63.01437317816459,63.01437317816459,63.01437317816459,63.01437317816459,62.9040673873659,62.9040673873659,62.9040673873659,62.9040673873659,62.9040673873659,62.9040673873659,62.90241655279024,62.90241655279024,62.83834249293582,62.83834249293582,62.83834249293582,62.83834249293582,62.8335278609695,62.8335278609695,62.8335278609695,62.8335278609695,62.8335278609695,62.8335278609695,62.805593971650296,62.805593971650296,62.805593971650296,62.805593971650296,62.7789147957414,62.7789147957414,62.7172123557541,62.7172123557541,62.7172123557541,62.71360969381303,62.71057593861127,62.703398803705966,62.68204765976404,62.68204765976404,62.66877204931984,62.66877204931984,62.66755147792219,62.64795233919878,62.62225667026408,62.62225667026408,62.614549741537104,62.614549741537104,62.60436892228381,62.60213799345277,62.599298757882025,62.590836466584676,62.58717825359966,62.5837467003314,62.576883136603584,62.576883136603584
GWO_modified,rastrigin,1.5037221908569336,"[3.13303113 4.00449834 5.00193109 6.98977324 1.02104536 7.98479722
 4.00485779 4.99779974 6.0010808  4.99980156 2.9551423  4.04115308
 5.00468363 5.00020147 4.99987784 4.9999804  5.99428238 6.99000563
 6.99171757 4.99381742 4.09069889 4.05038248 5.0000522  6.98915427
 4.00547933 3.10109085 4.00478857 5.08094937 3.00935167 3.01019678]","[3.13204533 3.89359232 5.127393   7.1408423  1.1106769  7.86626602
 3.8149782  4.97471625 5.99699035 4.94181011 2.95691259 4.03436456
 5.00446532 5.16667344 5.14605775 4.89414144 6.10311155 6.80687536
 6.76011948 4.9946379  4.08971419 4.0542584  5.13832093 6.90952836
 3.78597683 3.10108859 3.78350957 5.08056072 3.14538078 3.14296024]",453.0284507287654,368.3518931053856,338.09332328139305,338.09332328139305,311.8924189751127,311.8924189751127,311.8924189751127,311.8924189751127,311.8924189751127,284.31499451160425,284.31499451160425,284.31499451160425,284.31499451160425,284.31499451160425,256.97653485603996,256.97653485603996,256.97653485603996,247.16878774075894,247.16878774075894,247.16878774075894,247.16878774075894,247.16878774075894,247.16878774075894,247.16878774075894,247.16878774075894,247.16878774075894,247.16878774075894,247.16878774075894,218.89712227657935,218.89712227657935,218.89712227657935,218.89712227657935,218.89712227657935,218.89712227657935,209.37078724551915,209.37078724551915,209.37078724551915,209.37078724551915,193.70505637840654,193.70505637840654,178.83374943795758,154.54676627558368,154.54676627558368,154.54676627558368,154.54676627558368,152.71749710499006,141.37101417202803,126.70213712082253,126.70213712082253,118.6901181833436,118.37963677701543,110.48630687985548,110.48630687985548,110.48630687985548,109.77371596875918,107.39121071481739,107.39121071481739,105.54355403100402,104.75018506598138,102.45075444015455,102.13666729022228,101.07026385431271,100.34533508303542,99.88361761065639,98.50505639331436,98.26908736194784,98.26908736194784,98.26908736194784,98.26908736194784,96.90949937685315,95.64732237089362,95.63290272374763,93.99271023618019,93.99271023618019,93.99271023618019,92.48514346222632,91.83033827556525,90.42595831928568,89.52628942735859,89.52628942735859,89.02329605110344,89.02329605110344,88.6885039729294,88.6885039729294,87.65467050118153,87.35248287806783,86.51183128995018,85.1137815042278,84.20286708522778,83.69555042197126,83.69555042197126,82.35137760838455,82.35137760838455,82.19289542115496,81.91203351254032,81.91203351254032,81.91203351254032,81.56323294344048,81.31961709129388,81.31961709129388,81.22536748898085,80.99346423811758,80.99346423811758,80.80325468075651,80.11185644706009,80.11185644706009,79.72070708207451,79.47065030730482,79.47065030730482,79.28354805751971,79.28354805751971,79.28354805751971,79.28354805751971,79.24538941991648,79.168040421981,79.168040421981,79.168040421981,79.14894827384242,79.14894827384242,79.14894827384242,79.14894827384242,79.07682840002906,79.07682840002906,79.07682840002906,79.07682840002906,79.01673236829774,78.93616525017438,78.93616525017438,78.93562503759065,78.93562503759065,78.93562503759065,78.919454941809,78.54875793266956,78.51460665475187,78.51460665475187,78.51460665475187,78.51460665475187,78.51460665475187,78.51460665475187,78.51460665475187,78.51460665475187,78.50443944593928,78.40243252276582,78.40243252276582,78.40243252276582,78.40243252276582,78.40243252276582,78.40243252276582,78.40243252276582,78.40243252276582,78.40243252276582,78.40243252276582,78.40243252276582,78.40243252276582,78.40243252276582,78.40243252276582,78.40243252276582,78.40243252276582,78.39675525791571,78.39675525791571,78.39675525791571,78.3310549117773,78.31143197465366,78.26029511752671,78.26029511752671,78.26029511752671,78.25936205487153,78.25091999353057,78.23204498371123,78.23204498371123,78.18014746468722,78.18014746468722,78.15090861576118,78.15090861576118,78.11571981612514,78.11571981612514,78.11571981612514,78.11571981612514,78.11444494920454,78.10887843758888,78.10887843758888,78.10556030245968,78.10222719483366,78.09700280163074,78.08711658172336,78.08281848554671,78.06440528843106,78.053901108919,78.048816674536,78.04044986560993,78.02903564602326,78.0138797606358,78.00987807185459,78.00478207840791,78.00212764601389,77.99740997730865,77.99460754527456,77.99107619153469,77.98973997631578,77.98726564854516
GWO_modified,rastrigin,1.5309829711914062,"[4.0442781  4.00415767 3.98877471 5.81741563 3.97516892 5.07219149
 3.01713775 5.9953541  4.9976229  3.9124512  4.18524329 4.87000053
 3.0110948  4.1259996  2.02576772 5.99414992 6.99009373 5.00001197
 5.06123186 4.00282155 4.99907082 3.94437169 5.09462429 6.98966688
 4.99789431 5.93382642 6.02957197 6.99072522 6.98829979 5.99224352]","[4.03640931 3.75052107 3.93765491 5.81930279 3.9787391  5.11521107
 3.04913301 6.39269502 4.98452349 3.91978236 4.18369072 4.87343466
 3.50907946 4.129212   2.01705335 6.15907812 6.86813176 5.3525971
 5.05831563 3.94231404 4.76667068 3.94878966 5.10596866 6.86650294
 4.81541733 5.93514799 6.03771765 6.8517968  6.92256773 5.67572066]",438.4007340720202,414.2429178570461,387.28760991251903,351.77783780785296,331.88425232510093,264.0522594415047,264.0522594415047,264.0522594415047,264.0522594415047,264.0522594415047,264.0522594415047,258.2514433361271,258.2514433361271,258.2514433361271,258.2514433361271,258.2514433361271,230.46924597467648,230.46924597467648,230.46924597467648,230.46924597467648,230.46924597467648,217.05162564709795,217.05162564709795,217.05162564709795,217.05162564709795,212.11785945711537,212.11785945711537,212.11785945711537,212.11785945711537,212.11785945711537,200.0663096554506,200.0663096554506,183.04238324616816,155.69139316682802,155.69139316682802,155.69139316682802,155.69139316682802,155.69139316682802,125.0070765195479,125.0070765195479,119.32982213096398,99.8139688777176,99.8139688777176,95.31832124418366,94.05852847475506,89.58363718650475,86.96253408163795,86.96253408163795,83.66296800068724,83.66296800068724,83.66296800068724,83.66296800068724,83.66296800068724,83.66296800068724,83.15036409855148,81.49139517391143,80.12056309846295,80.12056309846295,80.12056309846295,80.12056309846295,80.09855053395702,80.09855053395702,80.09855053395702,80.09855053395702,80.09855053395702,80.09855053395702,77.67860138824992,77.67860138824992,77.67860138824992,77.67860138824992,77.67860138824992,77.67860138824992,77.67860138824992,77.67860138824992,77.67860138824992,77.67860138824992,77.67860138824992,77.67860138824992,77.67860138824992,77.67860138824992,76.96565631824635,76.96565631824635,76.96565631824635,76.96565631824635,76.96565631824635,76.96565631824635,76.96565631824635,76.96565631824635,75.92642591386169,75.92642591386169,75.92642591386169,75.92642591386169,75.92642591386169,75.56994139092586,75.56994139092586,75.56994139092586,75.56994139092586,75.56994139092586,75.56994139092586,75.56994139092586,75.56994139092586,75.56994139092586,75.56994139092586,75.56994139092586,75.56994139092586,75.56994139092586,75.56994139092586,75.56994139092586,75.56994139092586,75.40038311712212,75.40038311712212,75.40038311712212,75.40038311712212,75.40038311712212,75.40038311712212,75.40038311712212,75.34631836180967,75.34631836180967,75.34631836180967,75.09729516520625,75.09729516520625,75.06489163097214,74.95870882998,74.95870882998,74.47617886577808,74.47617886577808,74.47617886577808,74.47617886577808,74.47617886577808,74.47617886577808,74.47617886577808,74.47617886577808,74.35012097351333,74.35012097351333,74.35012097351333,74.23153184161131,74.23153184161131,74.23153184161131,74.23153184161131,74.23153184161131,74.23153184161131,74.23153184161131,74.23153184161131,74.23153184161131,74.23153184161131,74.23153184161131,74.20296199193041,74.20296199193041,74.20296199193041,74.20296199193041,74.20296199193041,74.20296199193041,74.20296199193041,74.20296199193041,74.20296199193041,74.20296199193041,74.11838537769293,74.04110024197621,74.04110024197621,73.9771157902477,73.835607601112,73.65790259156338,73.65041323375917,73.59593026486735,73.48259005991218,73.48259005991218,73.48259005991218,73.48259005991218,73.48259005991218,73.43518830247876,73.3235363046631,73.3235363046631,73.3235363046631,73.3235363046631,73.3235363046631,73.3235363046631,73.3235363046631,73.20040191444429,73.13346153181914,73.04492225632339,73.04492225632339,72.97325387079536,72.91231099884877,72.87466269063592,72.80856870898924,72.80856870898924,72.73402601566085,72.7001687450597,72.65709333899164,72.60956116257302,72.56496294012274,72.5279484943101,72.52478045047161,72.48223514226129,72.41491863671854,72.40187521850214,72.3888440446461,72.36372430133719,72.35453851793966,72.34553065801589
GWO_modified,rastrigin,1.5453295707702637,"[6.99066147 6.94907221 5.13069508 5.00117618 6.93326237 5.00453883
 5.00075097 4.00539869 2.97614145 3.05436914 6.98643733 5.00292359
 4.00034282 4.91098802 7.01371272 5.01675713 4.00167733 4.00354262
 4.998883   5.00089382 4.00389181 4.006721   5.96239551 5.00737355
 4.00529975 7.98315638 1.99654681 7.06221789 3.00921231 2.02939541]","[6.79478171 6.96055213 5.12904158 5.27888417 6.94223074 4.87148374
 4.72897782 4.2603605  2.95571445 3.04124615 6.85977127 5.26196788
 3.91496961 4.91384796 7.03917834 5.01672953 3.85514707 3.74147623
 5.32218837 4.24511447 3.78641149 4.0916782  5.91936393 5.08063974
 3.82280036 7.92113568 2.01286335 7.0540165  3.31200987 2.02537318]",375.5467618965712,375.5467618965712,374.23164219159116,363.7372934040633,363.7372934040633,353.41446959412,353.41446959412,326.27227408116244,326.27227408116244,326.27227408116244,321.9539410007781,305.8758098606068,305.8758098606068,305.8758098606068,305.8758098606068,305.8758098606068,270.4628569108022,270.4628569108022,270.4628569108022,270.4628569108022,270.4628569108022,270.4628569108022,233.68201874577193,233.68201874577193,233.68201874577193,233.68201874577193,213.95402120263063,213.95402120263063,213.95402120263063,213.95402120263063,213.95402120263063,208.01543732682308,208.01543732682308,208.01543732682308,208.01543732682308,189.98164752026167,181.9596294468502,168.98568869698164,143.46076536305924,143.46076536305924,143.46076536305924,137.4987698589347,129.24593363720786,115.85444392595664,115.85444392595664,109.03590537672477,109.03590537672477,104.74043215854053,103.18521880907775,99.22716269926232,99.22716269926232,96.36654086754046,95.86994168559261,95.86994168559261,95.86994168559261,95.86994168559261,93.28821203125764,90.63655067909045,90.63655067909045,90.63655067909045,90.63655067909045,88.59944956601322,88.59944956601322,88.59944956601322,87.24978286061838,87.24978286061838,87.24978286061838,85.72573446155388,85.72573446155388,85.72573446155388,85.72573446155388,85.72573446155388,85.46483333267665,85.46483333267665,85.46483333267665,84.99049592285547,84.99049592285547,84.99049592285547,84.40198704808611,84.40198704808611,84.40198704808611,84.40198704808611,84.40198704808611,84.40198704808611,84.40198704808611,84.40198704808611,84.40198704808611,84.40198704808611,84.22699141519837,84.22699141519837,84.22699141519837,84.22699141519837,84.22651414388213,84.22651414388213,84.22651414388213,82.63831511524421,82.63831511524421,82.63831511524421,82.63831511524421,82.63831511524421,82.63831511524421,82.63831511524421,82.63831511524421,82.61251024960515,82.1071118016159,82.1071118016159,82.1071118016159,82.1071118016159,82.1071118016159,82.1071118016159,82.1071118016159,82.1071118016159,82.1071118016159,81.61955510859335,81.61955510859335,81.61955510859335,81.61955510859335,81.58030856435124,81.58030856435124,81.13724294020196,81.13724294020196,81.13724294020196,81.13724294020196,81.13724294020196,80.52978123575289,80.52978123575289,80.52978123575289,80.52978123575289,80.52978123575289,80.52978123575289,80.52978123575289,80.52978123575289,80.52978123575289,80.52978123575289,80.52978123575289,80.52978123575289,80.513266173842,80.513266173842,80.40748839253496,79.97971719783988,79.97971719783988,79.97971719783988,79.97971719783988,79.97971719783988,79.97971719783988,79.97971719783988,79.97971719783988,79.97971719783988,79.97971719783988,79.97971719783988,79.97971719783988,79.97971719783988,79.63260704980988,79.63260704980988,79.63260704980988,79.63260704980988,79.63260704980988,79.38062402912684,79.38062402912684,79.38062402912684,79.38062402912684,79.38062402912684,79.38062402912684,79.33543986485296,79.31375554738463,79.27550247459703,79.20241000851937,79.17206360648598,79.17206360648598,78.99091736045847,78.99091736045847,78.99091736045847,78.99091736045847,78.99091736045847,78.99091736045847,78.99091736045847,78.99091736045847,78.91354162494574,78.8717262578079,78.83481160809438,78.77860348533827,78.68860311889873,78.68860311889873,78.68860311889873,78.68860311889873,78.68860311889873,78.68603577810882,78.6654210928256,78.63739208606356,78.63350221851164,78.63350221851164,78.63350221851164,78.59802469997024,78.57463047726054,78.55451900057048,78.53072201995414,78.517539614366,78.50111894600434,78.48581076259941,78.48087006138715
GWO_modified,rastrigin,1.5621492862701416,"[5.00231266 4.02399413 3.98389202 3.0173566  5.99520786 7.00019161
 5.7668591  3.01243765 5.99398761 1.98744641 4.99883947 4.99868698
 4.99866402 6.98796509 3.99960658 5.00079612 4.00735107 3.0072177
 4.00324119 6.05562891 5.05354738 4.9975193  6.93372932 4.0032239
 3.02407783 4.00602817 4.00449927 4.00757523 5.000795   5.99539656]","[4.93404741 4.02919491 3.99856198 3.14210078 5.8889055  7.05427972
 5.76951942 3.05080254 6.155241   1.98519221 4.54520063 4.88065242
 5.02284302 6.96250873 4.00377077 5.11528676 3.70179317 3.30387372
 3.79917816 6.05755799 5.09422052 5.02016498 6.92993768 4.1758949
 3.01525304 3.1428207  4.01845751 4.48964213 5.20547982 5.32849783]",439.0728169542536,366.24030643553596,366.24030643553596,339.37733534798576,339.37733534798576,277.5712070106524,277.5712070106524,277.5712070106524,277.5712070106524,277.5712070106524,277.5712070106524,277.5712070106524,277.5712070106524,277.5712070106524,266.40153258162286,266.40153258162286,266.40153258162286,266.40153258162286,266.40153258162286,226.53924833739995,226.53924833739995,210.2488577530324,210.2488577530324,210.2488577530324,210.2488577530324,206.9806575291205,206.9806575291205,206.9806575291205,206.9806575291205,192.56685967267882,185.13604251854065,171.816771035481,171.816771035481,171.816771035481,157.65671309348997,152.62103936866745,137.4821852260549,137.4821852260549,132.63683798008816,129.383865199462,117.85692625786413,113.7999557254,99.484767141813,96.08737008957218,79.3911688301524,79.3911688301524,79.3911688301524,79.3911688301524,79.3911688301524,79.3911688301524,79.3911688301524,79.3911688301524,79.3911688301524,79.3911688301524,79.3911688301524,79.3911688301524,79.3911688301524,79.3911688301524,79.3911688301524,79.3911688301524,79.3911688301524,79.3911688301524,79.3911688301524,79.3911688301524,79.3911688301524,78.76667405192828,78.76667405192828,78.76667405192828,75.29419007642153,75.29419007642153,75.29419007642153,75.29419007642153,75.29419007642153,75.29419007642153,75.29419007642153,75.29419007642153,75.29419007642153,75.29419007642153,75.29419007642153,73.14514814355445,73.14514814355445,73.14514814355445,73.14514814355445,73.14514814355445,73.14514814355445,71.99871612021019,71.99871612021019,71.99871612021019,71.1353128993488,69.42214880105686,68.86398415588224,68.86398415588224,68.86398415588224,68.4674579236962,68.4674579236962,68.4674579236962,68.4674579236962,68.4674579236962,68.4674579236962,68.4674579236962,68.02693218037055,67.47056335754527,67.47056335754527,64.8954867747212,64.8954867747212,64.8954867747212,64.8954867747212,64.8954867747212,64.8954867747212,64.8954867747212,64.85304967851286,64.85304967851286,64.85304967851286,63.66558637852535,63.66558637852535,63.66558637852535,63.66558637852535,63.66558637852535,63.66558637852535,63.66558637852535,63.66558637852535,63.66558637852535,63.66558637852535,63.66558637852535,63.66558637852535,63.66558637852535,63.66558637852535,63.66558637852535,63.66558637852535,63.66558637852535,63.66558637852535,63.66558637852535,63.66558637852535,63.66558637852535,63.66558637852535,63.66558637852535,63.54208750878968,63.54208750878968,63.26143756466982,63.26143756466982,63.26143756466982,63.26143756466982,63.26143756466982,63.26143756466982,63.26143756466982,63.26143756466982,63.26096480892531,63.26096480892531,63.26096480892531,63.252210036258816,62.947294900713075,62.947294900713075,62.947294900713075,62.947294900713075,62.947294900713075,62.947294900713075,62.947294900713075,62.947294900713075,62.908696096784894,62.855054782011564,62.550622363608824,62.40062485817796,62.36820375233947,62.36820375233947,62.36820375233947,62.1198993303272,62.1198993303272,62.1198993303272,62.1198993303272,62.1198993303272,62.01765508738154,62.01765508738154,62.01765508738154,62.01765508738154,62.01508889777455,62.01508889777455,61.98489270058411,61.98489270058411,61.98489270058411,61.97956772477744,61.90444554640257,61.8133360054083,61.79924361831715,61.77706749746727,61.77706749746727,61.77706749746727,61.75220278423319,61.73871539474908,61.73871539474908,61.72003040303318,61.72003040303318,61.69799576377895,61.69412435268822,61.672766997987935,61.6404508312591,61.628835410251696,61.60951068043468,61.60457734979758,61.58149553563996,61.57887171089064
GWO_modified,rastrigin,1.490074634552002,"[6.10215823 5.94430154 4.99956789 4.8479968  4.99737957 5.06338536
 6.94735612 5.9974343  4.9839009  6.00790543 5.9918403  4.99095353
 5.00091777 6.0091964  5.19254815 4.00340261 3.0068564  4.99992646
 5.99288016 3.00985527 6.99162192 4.8676146  4.20555798 2.02853101
 5.99919015 4.02450021 5.12283751 8.03327494 2.98390764 5.00962945]","[6.10378039 5.94886909 5.27012266 4.85904622 4.49056016 5.0773014
 6.94606101 5.21944589 4.98038225 6.0628387  5.72457864 4.99464986
 4.66835624 6.060179   5.19217222 3.66311985 2.10919022 5.32222858
 6.25287119 3.20826228 7.21534752 4.88156894 4.20402328 2.00193967
 4.85967066 3.9843475  5.12873644 8.03807396 3.03248825 5.01283088]",446.1522049105189,404.61566189847974,351.89344889670315,351.89344889670315,351.89344889670315,327.01571978626697,327.01571978626697,285.2443692113482,285.2443692113482,280.72427920066974,280.72427920066974,251.83007389077528,251.83007389077528,251.83007389077528,251.83007389077528,245.66003828529372,244.4389096171236,209.14957567855012,209.14957567855012,209.14957567855012,209.14957567855012,209.14957567855012,209.14957567855012,180.3026957157707,180.3026957157707,157.94025456124737,157.94025456124737,145.22362366336236,123.73272626462821,115.16503593402828,114.07310727072758,114.07310727072758,112.52343459796487,112.52343459796487,107.45566563867675,106.49734368622626,94.72393084195983,94.72393084195983,94.72393084195983,94.72393084195983,94.72393084195983,94.72393084195983,94.72393084195983,94.72393084195983,94.72393084195983,94.40218842337833,94.40218842337833,94.40218842337833,94.40218842337833,94.40218842337833,94.40218842337833,94.40218842337833,91.23029428399218,91.23029428399218,91.23029428399218,91.23029428399218,91.23029428399218,91.23029428399218,91.23029428399218,89.95040325104353,88.78491848988256,88.78491848988256,88.78491848988256,88.78491848988256,88.78491848988256,88.78491848988256,88.78491848988256,88.78491848988256,88.78491848988256,84.89796592279001,84.89796592279001,84.89796592279001,84.89796592279001,84.89796592279001,84.89796592279001,84.89796592279001,84.89796592279001,84.89796592279001,84.53950216584121,84.53950216584121,83.56116856977795,83.56116856977795,83.56116856977795,83.56116856977795,83.56116856977795,83.56116856977795,83.56116856977795,83.56116856977795,83.56116856977795,83.56116856977795,83.56116856977795,83.56116856977795,83.56116856977795,83.56116856977795,83.56116856977795,83.56116856977795,83.56116856977795,83.56116856977795,83.56116856977795,83.56116856977795,82.63668780261952,81.83535542996893,81.83535542996893,81.83535542996893,81.83535542996893,81.83535542996893,81.83535542996893,81.83535542996893,81.83535542996893,81.61140964237447,81.61140964237447,81.61140964237447,81.61140964237447,81.61140964237447,81.61140964237447,81.61140964237447,81.61140964237447,81.61140964237447,81.61140964237447,81.18390786752062,81.18390786752062,81.18390786752062,79.86707596253251,79.86707596253251,79.86707596253251,79.86707596253251,79.86707596253251,79.86707596253251,79.86707596253251,79.86707596253251,79.86707596253251,79.86707596253251,79.86707596253251,79.86707596253251,79.86707596253251,79.86707596253251,79.86707596253251,79.86707596253251,79.86707596253251,79.86707596253251,79.80960066955745,79.80960066955745,79.7596827900743,79.7596827900743,79.7596827900743,79.7596827900743,79.7596827900743,79.7596827900743,79.7596827900743,79.08964566298857,79.08964566298857,79.08964566298857,79.08964566298857,79.08964566298857,79.08964566298857,79.08964566298857,79.08964566298857,79.08964566298857,79.08964566298857,79.08964566298857,79.08964566298857,78.77802679428879,78.77802679428879,78.77802679428879,78.67322756322551,78.67322756322551,78.67322756322551,78.45994280075945,78.42004308509195,78.42004308509195,78.42004308509195,78.41403961195888,78.02576213081676,78.02576213081676,78.02576213081676,77.88174091589596,77.88174091589596,77.87399932679241,77.85682822957148,77.8357403685786,77.8357403685786,77.8357403685786,77.81745089580619,77.66454035384027,77.59869528020425,77.55408661728072,77.55408661728072,77.52732039961975,77.52732039961975,77.50601371225699,77.47502246470575,77.44038639583852,77.42492548876228,77.37720919600673,77.3343722807781,77.29856863977858,77.2858061304459,77.27792950310308,77.26425612067908,77.25202212224744
